Time [ms], Thrust [N]
0,  351.1973288828028
1,  351.1773271752538
2,  351.1627938655573
3,  351.1532793092394
4,  351.15122883670733
5,  351.15830772195716
6,  351.1740878189022
7,  351.19868683891013
8,  351.2317417490659
9,  351.271019683183
10,  351.3172559745453
11,  351.36766344996477
12,  351.42230787533515
13,  351.4783318658239
14,  351.5358795969665
15,  351.59478685295113
16,  351.6531218231166
17,  351.7132692328064
18,  351.77440806048725
19,  351.8366024255706
20,  351.9001634566741
21,  351.964910189018
22,  352.030189172406
23,  352.0960468167566
24,  352.1593646394391
25,  352.2200919981436
26,  352.2756799898264
27,  352.32581968825684
28,  352.3675554968008
29,  352.4008815109574
30,  352.4245180276667
31,  352.438397927459
32,  352.4435658988591
33,  352.4407540569386
34,  352.43051139315367
35,  352.4134886816469
36,  352.39238880569116
37,  352.3693640695198
38,  352.3434639549621
40,  352.3159207103447
41,  352.28697143551994
53,  352.25854393721437
54,  352.22758996790685
55,  352.19701470880807
56,  352.16457089596975
57,  352.12952538178314
58,  352.093434351545
59,  352.053105993088
60,  352.01088675363064
61,  351.9658507323465
62,  351.91729475326366
63,  351.8685250148753
64,  351.8169802422686
65,  351.76471160671235
66,  351.7157862645132
67,  351.66759590743686
68,  351.6229590837137
69,  351.583669905175
70,  351.5498385117805
71,  351.52347077507636
72,  351.5052635003384
73,  351.4936386015333
74,  351.49206784156337
75,  351.4982309427749
76,  351.51270932611436
77,  351.53510159499774
78,  351.56423631550575
79,  351.6018128051199
80,  351.64460262962496
81,  351.6925127844792
82,  351.74520213321625
83,  351.80078924090304
84,  351.85873458231504
85,  351.9199252504867
86,  351.9801164639018
87,  352.04135071094726
88,  352.1008845570532
89,  352.15733203786067
90,  352.2108582216499
91,  352.25919332848065
92,  352.3008004860061
93,  352.33753755584587
94,  352.3654027172562
95,  352.3855245627415
96,  352.39865509255293
97,  352.40294683960644
98,  352.40090848097867
99,  352.3923993842182
100,  352.37699192297265
101,  352.3586140817304
102,  352.3355238440243
103,  352.3107496038724
104,  352.2832084077987
105,  352.2547615636377
106,  352.22437135872707
107,  352.1931324964999
108,  352.1613536019652
109,  352.12794337868206
110,  352.0930376415325
111,  352.05531066458394
112,  352.01527136072673
113,  351.97164703597906
114,  351.9240989570497
115,  351.8747658256969
116,  351.8229615994098
117,  351.76836586789193
118,  351.7134772730729
119,  351.6586711892306
120,  351.60516842729686
121,  351.5540753679943
122,  351.50521740907095
123,  351.4587093167227
124,  351.41662959772583
125,  351.3776347544033
126,  351.3413009788215
127,  351.3080908370488
128,  351.2776223821692
129,  351.2489293853451
130,  351.2217024068247
131,  351.19781030718997
132,  351.176329807061
133,  351.15894875054164
134,  351.14599304363884
135,  351.1391040171585
136,  351.1384097352072
137,  351.14581791583316
138,  351.16245275467816
139,  351.1889316017183
140,  351.2260247456581
141,  351.2719250638573
142,  351.3272338592381
143,  351.3907417023881
144,  351.45990261199023
145,  351.53311722934023
146,  351.60824121692957
147,  351.68203943469393
148,  351.75377066878065
149,  351.82144978480864
150,  351.88242022510985
151,  351.937507876651
152,  351.98542112734845
153,  352.0285139133105
154,  352.06582977240186
155,  352.1001582276963
156,  352.1316626716132
157,  352.16320873022875
158,  352.1936530450576
159,  352.2246342983007
160,  352.2557539853478
161,  352.28433048562835
162,  352.3091152372954
163,  352.32847023107865
164,  352.34128131975876
165,  352.34461393681335
166,  352.3371368738485
167,  352.3193611193342
168,  352.2921167615974
169,  352.25469216696854
170,  352.20935881211267
171,  352.1568873677331
172,  352.09923617946157
173,  352.03810148908684
174,  351.97446366059523
175,  351.90880266276844
176,  351.842392557359
177,  351.77367566477454
178,  351.7033888918685
179,  351.6316826227427
180,  351.5576284142083
181,  351.48335338349415
182,  351.4073898604677
183,  351.33174985199787
184,  351.25789625974807
185,  351.1852313536236
186,  351.11372823565034
187,  351.043363455533
188,  350.9728917608042
189,  350.89787471140426
190,  350.81536944249495
191,  350.7212031515976
192,  350.61281809701956
193,  350.4870789281009
194,  350.34267261238836
195,  350.17930032263564
196,  349.99573530439545
197,  349.7976339727755
198,  349.59791249377224
199,  349.3912248825209
200,  349.18838225178996
201,  349.000712354273
202,  348.81851689096277
203,  348.6434171596407
204,  348.4735325105419
205,  348.29316325388703
206,  348.09300535880567
207,  347.86853848777315
208,  347.60443014659467
209,  347.2802830683148
210,  346.9011113601375
211,  346.4917801993333
212,  346.04930519234364
213,  345.57580853558284
214,  345.1096688813953
215,  344.68830886110777
216,  344.3264404380897
217,  344.0140298621563
218,  343.75553980098465
219,  343.54228076287995
220,  343.5775483420944
221,  343.5601772257201
222,  343.7093931313176
223,  343.6600849286607
224,  343.5531589156213
225,  343.0842828108972
226,  342.0141747737397
227,  340.12732048374306
228,  337.29920770789295
229,  333.44338059512097
230,  328.2271712803743
231,  321.71657147342063
232,  314.27521373714444
233,  306.3500027548349
234,  298.49770697327807
235,  291.9688105756872
236,  287.9937312002883
237,  288.2760422928736
238,  294.37324973897375
239,  308.0169361379468
240,  330.8368401187027
241,  364.2368020521006
242,  409.0636272956629
243,  465.7407242735786
244,  534.0438647788653
245,  613.1262723748175
246,  701.3176391052225
247,  796.3857436879687
248,  895.6562371874871
249,  996.0452043913776
250,  1094.1751959278447
251,  1186.8352575112826
252,  1270.9401960263717
253,  1343.888071339811
254,  1403.5680845118677
255,  1448.6189033810488
256,  1478.5733366740885
257,  1493.668871624813
258,  1494.918617254166
259,  1484.0697676814289
260,  1463.5410582794998
261,  1436.055135800019
262,  1404.598509295851
263,  1372.239622547479
264,  1341.926082955502
265,  1316.2196060237197
266,  1297.1276635042418
267,  1286.0924455507557
268,  1283.8902512800855
269,  1290.4696921874684
270,  1305.025657407606
271,  1325.898904341645
272,  1351.3800291661705
273,  1378.8728119709606
274,  1406.1220859027367
275,  1430.4808428801623
276,  1449.9716190245074
277,  1463.0005721491725
278,  1468.5118171197262
279,  1466.1120777237275
280,  1456.1202727543598
281,  1439.8832061066273
282,  1419.0586022738664
283,  1395.6464437656707
284,  1372.1044773816193
285,  1351.042754662643
286,  1334.496534275409
287,  1324.4545953732945
288,  1322.1026822875035
289,  1328.3101734558654
290,  1343.100470813254
291,  1365.8108762283316
292,  1395.2253031905675
293,  1429.7429468200512
294,  1467.3805746718344
295,  1506.0517910267074
296,  1543.6601255589667
297,  1578.4599382242352
298,  1608.974216220246
299,  1634.0810861199589
300,  1653.184603912728
301,  1666.2764466497
302,  1673.6278755879007
303,  1676.0458617886927
304,  1674.5331033180462
305,  1670.3893688914181
306,  1664.947499425803
307,  1659.417339232621
308,  1655.0126333151384
309,  1652.7304219510233
310,  1653.3217368555972
311,  1657.192893296777
312,  1664.536732433851
313,  1675.2627196899712
314,  1689.0082426703602
315,  1705.2115296669892
316,  1723.1463283026235
317,  1742.0455734997415
318,  1761.0800078108548
319,  1779.409430348267
320,  1796.325416572996
321,  1811.2386899644505
322,  1823.7506835821225
323,  1833.633084603768
324,  1840.8548725428977
325,  1845.6692652150773
326,  1848.4132797832494
327,  1849.6382383953764
328,  1849.938773105429
329,  1850.0031290648851
330,  1850.4778999279315
331,  1851.9449603751784
332,  1854.8625392511337
333,  1859.5510489318033
334,  1866.1411145083823
335,  1874.5608998337798
336,  1884.596277397083
337,  1895.8821801181023
338,  1907.9268580577655
339,  1920.2043834133287
340,  1932.159959722606
341,  1943.2955750785395
342,  1953.179324228351
343,  1961.4636968715872
344,  1967.9899848815285
345,  1972.6948731134864
346,  1975.6258494450828
347,  1976.947832343596
348,  1976.9110365281963
349,  1975.7971749194676
350,  1973.904358528915
351,  1971.5159176928723
352,  1968.9159341745965
353,  1966.3510458605142
354,  1963.9672317972638
355,  1961.9076159630074
356,  1960.2729500534472
357,  1959.0972965366775
358,  1958.400335439857
359,  1958.158183361164
360,  1958.3400511290606
361,  1958.8818516244266
362,  1959.7002329851382
363,  1960.703370416074
364,  1961.7766889098336
365,  1962.8114879017687
366,  1963.6651498318024
367,  1964.2427297822792
368,  1964.4736659883556
369,  1964.2519018680914
370,  1963.5707696000388
371,  1962.4446617858596
372,  1960.9284093202236
373,  1959.0840185944983
374,  1957.0198108933487
375,  1954.8382556808294
376,  1952.6207922451347
377,  1950.4203338686516
378,  1948.229720494662
379,  1946.0384809638558
380,  1943.7604795765772
381,  1941.270256606163
382,  1938.438164519706
383,  1935.1504136967435
384,  1931.311177954639
385,  1926.8709365234051
387,  1921.8299930669275
388,  1916.2864781097028
389,  1910.4062174894304
390,  1904.3791849810325
391,  1898.454060683877
392,  1892.8709595604462
393,  1887.8062882279219
394,  1883.434570220634
395,  1879.8257386302664
396,  1876.9190850454406
397,  1874.6127145211876
398,  1872.7014420406044
399,  1870.9007402984498
400,  1868.9156686165886
401,  1866.4503584250263
402,  1863.241134991363
403,  1859.10475487548
404,  1853.9310922648037
405,  1847.691198850447
406,  1840.4911109242405
407,  1832.5052916222214
408,  1823.9193863159906
409,  1815.0175881033667
410,  1806.0577430966123
411,  1797.2726544913385
412,  1788.84079543772
413,  1780.920846643094
414,  1773.5341535011314
415,  1766.6807331904135
416,  1760.3035907694573
417,  1754.253032795368
418,  1748.396186378304
419,  1742.5613767188217
420,  1736.5490372435952
421,  1730.2574507897411
422,  1723.544136460306
423,  1716.297324238402
424,  1708.4729316210958
425,  1700.062701352155
426,  1691.046765030233
427,  1681.48226598908
428,  1671.430239280712
429,  1660.9847466494778
430,  1650.2552053389982
431,  1639.3584167903355
432,  1628.413787678498
433,  1617.5337554729226
434,  1606.8434220335155
435,  1596.408759720814
436,  1586.280777479854
437,  1576.513015293619
438,  1567.0948764467455
439,  1557.9753766894962
440,  1549.0799636893935
441,  1540.3462215779714
442,  1531.6641190118096
443,  1522.9232156075134
444,  1514.069755483487
445,  1505.0397536144783
446,  1495.7854288994772
447,  1486.3446058347372
448,  1476.7321676762635
449,  1467.0244714060307
450,  1457.3069297457484
451,  1447.656199398547
452,  1438.1695113537955
453,  1428.9144247287884
454,  1419.9260322746425
455,  1411.2255777613414
456,  1402.810570972762
457,  1394.6270905974943
458,  1386.6219612021953
459,  1378.7456627045385
460,  1370.9366852266676
461,  1363.1401955393003
462,  1355.3195283700222
463,  1347.4967114714395
464,  1339.6488516541967
465,  1331.8465383511457
466,  1324.1396512329184
467,  1316.5901499075137
468,  1309.3048865849887
469,  1302.3346925368533
470,  1295.7609364680081
471,  1289.6842318196655
472,  1284.138745204943
473,  1279.1757395531583
474,  1274.8559254918111
475,  1271.2227345160827
476,  1268.284368483689
477,  1266.0909819556755
478,  1264.6437083469627
479,  1263.9401595644435
480,  1263.9877721436994
481,  1264.7458814109489
482,  1266.151792259911
483,  1268.1676925753645
484,  1270.7054290583972
485,  1273.665280431276
486,  1276.9807250712884
487,  1280.585145925323
488,  1284.4166551862727
489,  1288.4744346095986
490,  1292.76965571855
491,  1297.3727493821434
492,  1302.381071295768
493,  1307.9167415395432
494,  1314.1224062503147
495,  1321.1332599534876
496,  1329.0798876815957
497,  1338.040956592815
498,  1348.037329380386
499,  1359.0557292434246
500,  1371.0030708097675
501,  1383.733041704301
502,  1397.0359959928853
503,  1410.6821607003096
504,  1424.4420143958446
505,  1438.0773736221438
506,  1451.3571981589746
507,  1464.1496460535236
508,  1476.3621256155793
509,  1487.9430070643896
510,  1498.9383765286561
511,  1509.442679281722
512,  1519.6185006475218
513,  1529.602401597954
514,  1539.5873423893236
515,  1549.7419637177843
516,  1560.2409541058132
517,  1571.1581181994954
518,  1582.5146509157723
519,  1594.3873255065205
520,  1606.7023191921835
521,  1619.3540913123468
522,  1632.2074499018725
523,  1645.1605959696014
524,  1658.080511117096
525,  1670.823161755411
526,  1683.2696102635887
527,  1695.3739343571986
528,  1707.1404098833073
529,  1718.563333618014
530,  1729.7077815897774
531,  1740.6969262375958
532,  1751.6765961425565
533,  1762.817841335495
534,  1774.2307868340395
535,  1786.0974343909656
536,  1798.5560531785256
537,  1811.6525664936025
538,  1825.41601148719
539,  1839.8496106956848
540,  1854.8838490707665
541,  1870.4017726116404
542,  1886.2697826887056
543,  1902.3218708299855
544,  1918.398003338532
545,  1934.3498496642399
546,  1950.0458091699654
547,  1965.3833344266031
548,  1980.3177511612705
549,  1994.8654898593381
550,  2009.0281420627307
551,  2022.8900652013865
552,  2036.542857297179
553,  2050.0782673174135
554,  2063.6023687621237
555,  2077.2011243673023
556,  2090.9399662631477
557,  2104.8738248067807
558,  2119.0191986676236
559,  2133.3637880719907
560,  2147.8999973054606
561,  2162.5884106656713
562,  2177.372435351698
563,  2192.209725224237
564,  2207.0988168191916
565,  2221.9662886507153
566,  2236.8111575107105
567,  2251.5811366957437
568,  2266.3040679692194
569,  2280.9874971031613
570,  2295.567706629984
571,  2310.072816736575
572,  2324.5038184113355
573,  2338.856782021253
574,  2353.0888227964215
574,  2367.1589133514894
575,  2381.0496878589265
576,  2394.735837353928
577,  2408.151533919865
578,  2421.212283683335
579,  2433.9071390395115
580,  2446.189210621992
581,  2457.9868187136676
582,  2469.2724506623094
583,  2480.00871219455
584,  2490.2133526443367
585,  2499.89212458072
586,  2509.0376595350945
587,  2517.729780248652
588,  2526.05307889853
589,  2534.062322806846
590,  2541.845105955196
591,  2549.52157707706
592,  2557.159866653439
593,  2564.839687882488
594,  2572.615202532607
595,  2580.523483732342
596,  2588.567101354912
597,  2596.7452647860505
598,  2604.9869107505106
599,  2613.230065006612
600,  2621.4299075265853
601,  2629.4833330411034
602,  2637.306834335583
603,  2644.8421845168405
604,  2652.0531545781223
605,  2658.876221128579
606,  2665.294734441002
607,  2671.3344002910603
608,  2677.0031642465847
609,  2682.3266490687456
610,  2687.331223206688
611,  2692.049971190437
612,  2696.512081600425
613,  2700.7184548353175
614,  2704.65828160397
615,  2708.3236045114404
616,  2711.6919324490245
617,  2714.7206999272726
618,  2717.358195615377
619,  2719.569390763502
620,  2721.313855947134
621,  2722.5667967049912
622,  2723.2971784469332
623,  2723.484320798526
624,  2723.1190572196997
625,  2722.216077560239
626,  2720.7876867475884
627,  2718.8361659668353
628,  2716.395297904536
629,  2713.5351981311355
630,  2710.280513032694
631,  2706.6851799134247
632,  2702.834997962414
633,  2698.789842468869
634,  2694.6216278912943
635,  2690.3799570235155
636,  2686.0988739891095
637,  2681.8303948539865
638,  2677.574500534327
639,  2673.307312196734
640,  2668.987908356931
641,  2664.572493793531
642,  2659.997333549879
643,  2655.174869845074
644,  2650.067841879862
645,  2644.6466896826178
646,  2638.8835058893187
647,  2632.807205810227
648,  2626.4487945111905
649,  2619.9317429224607
650,  2613.314161696649
651,  2606.6812674705
652,  2600.1526625302854
653,  2593.795282708218
654,  2587.6596228778276
655,  2581.7255734795244
656,  2575.971362839136
657,  2570.3595786918645
658,  2564.7791666618014
659,  2559.1034581278086
660,  2553.221403450822
661,  2547.0591186330103
662,  2540.5431076483837
663,  2533.6127671174045
664,  2526.27429822283
665,  2518.5524887404167
666,  2510.565671559063
667,  2502.360402112826
668,  2494.046284343875
669,  2485.749962093597
670,  2477.5607383777306
671,  2469.519073146308
672,  2461.6405211558076
673,  2453.9263013902787
674,  2446.3194002158334
675,  2438.734620135521
676,  2431.043327765623
677,  2423.146699283584
678,  2415.0874386264695
679,  2406.858415651267
680,  2398.262375083551
681,  2389.2836587382208
682,  2379.918598721983
683,  2369.996710306561
684,  2359.3117273309426
685,  2347.758885212851
686,  2335.288766331554
687,  2321.8251691891555
688,  2307.2972692260273
689,  2291.897536531949
690,  2276.0697632148513
691,  2260.540828045693
692,  2246.1906570427163
693,  2234.2151070639375
694,  2226.1110821990997
695,  2223.2380842168677
696,  2226.756565214292
697,  2237.554103577974
698,  2256.0341434856928
699,  2281.844812840196
700,  2313.731584405282
701,  2349.7891085304846
702,  2387.469188676948
703,  2423.6292166611506
704,  2454.846924246271
705,  2477.830919735205
706,  2489.786875123208
707,  2488.6161325599887
708,  2473.086151012129
709,  2443.192665277549
710,  2400.219038948234
711,  2346.5313468442264
712,  2285.3336980749446
713,  2220.480422477127
714,  2156.194772264639
715,  2096.506109049229
716,  2044.8722775763508
717,  2003.9082249339397
718,  1975.2954036661488
720,  1959.5562215100385
721,  1955.8914407128098
722,  1962.662104628755
723,  1977.437979705268
724,  1997.2329041791456
725,  2018.9061251349374
726,  2039.5638281200886
727,  2056.743542964341
728,  2068.562867250702
729,  2073.9017218347635
730,  2072.390521875436
731,  2064.445858392989
732,  2051.275731485036
733,  2034.4370615898445
734,  2015.8327110948353
735,  1997.5049391977982
736,  1981.33113695424
737,  1968.7982879212673
738,  1960.9406806304348
739,  1958.2784021607977
740,  1960.8146312691133
741,  1967.977993402433
742,  1978.7714473339188
743,  1991.852476166295
744,  2005.7798318340217
745,  2019.0988676577542
746,  2030.409187300312
747,  2038.6408957824517
748,  2043.1429698729594
749,  2043.633301678982
750,  2040.1822968378458
751,  2033.290710888427
752,  2023.8695907001747
753,  2012.960247199659
754,  2001.6630481480718
755,  1991.0893686629008
756,  1982.2687983653857
757,  1975.9791790177906
758,  1972.6615287050622
759,  1972.4566629294984
760,  1975.2921951250637
761,  1980.8026944390379
762,  1988.3500269491424
763,  1997.1639000262142
764,  2006.5023343579312
765,  2015.6178572391177
766,  2023.83553416982
767,  2030.6088029690338
768,  2035.6397022350363
769,  2038.8607348992587
770,  2040.3199545924365
771,  2040.2458298811832
772,  2039.116450306721
773,  2037.3904671390885
774,  2035.6158997003313
775,  2034.3461183049822
776,  2034.0697107091778
777,  2035.093696070649
778,  2037.6168205586232
779,  2041.7431044449013
780,  2047.365288016694
781,  2054.218989501149
782,  2061.9314247433595
783,  2070.1210260339767
784,  2078.32279328444
785,  2086.043014196359
786,  2092.941127315793
787,  2098.6997817512947
788,  2103.2474583094427
789,  2106.582626528633
790,  2108.820255630318
791,  2110.340776393645
792,  2111.5412312933386
793,  2112.8701606020095
794,  2114.8490988379617
795,  2117.984912068682
796,  2122.632861311359
797,  2129.02020206173
798,  2137.303554050879
799,  2147.4552354502193
800,  2159.2477953350476
801,  2172.341349085056
802,  2186.3175765614697
803,  2200.708369369467
804,  2214.985154361865
805,  2228.6184030144022
806,  2241.20622576004
808,  2252.465189025922
808,  2262.184934220046
809,  2270.261317470243
810,  2276.799553386539
811,  2282.03241707254
812,  2286.225182420387
813,  2289.732856552483
814,  2292.995007153412
815,  2296.4180602416372
816,  2300.3791483466894
817,  2305.1455024715506
818,  2310.949255848505
819,  2317.928948590767
820,  2326.050675360899
821,  2335.198308757258
822,  2345.1403757139324
823,  2355.6283821964025
824,  2366.2991455622814
825,  2376.772827604571
826,  2386.7050271932085
827,  2395.7934790827917
828,  2403.820728134193
829,  2410.615490444431
830,  2416.1678043214133
831,  2420.5774118867716
832,  2424.0117050987915
833,  2426.757912366348
834,  2429.134254168273
835,  2431.523877831439
836,  2434.285156142504
837,  2437.702880088725
838,  2442.1385229256775
839,  2447.717522455295
840,  2454.4901017603493
841,  2462.481449293072
842,  2471.558200010967
843,  2481.540341274933
844,  2492.1321032643336
845,  2503.007719649727
846,  2513.8730976154598
847,  2524.426510602931
848,  2534.4062109413844
849,  2543.5804045773853
850,  2551.817250774178
851,  2559.114932731517
852,  2565.450648812547
853,  2570.905629709918
854,  2575.6153014397382
855,  2579.750546941196
856,  2583.4916287007377
857,  2586.9911090217292
858,  2590.401597101547
859,  2593.8270913493593
860,  2597.345391788399
861,  2600.962210031234
862,  2604.644966917723
863,  2608.3761359862297
864,  2612.06457419754
865,  2615.6085032764254
866,  2618.9324575210694
867,  2621.9752529160833
868,  2624.681819142286
869,  2627.0185603857367
870,  2629.006211934393
871,  2630.6469570580125
872,  2632.001479467034
873,  2633.1131261598553
874,  2634.039646870733
875,  2634.8321244136782
876,  2635.504540366869
877,  2636.097417244911
878,  2636.582333412853
879,  2636.946432787096
880,  2637.161785364994
881,  2637.14857316656
882,  2636.8786313496234
883,  2636.306362068477
884,  2635.383225530775
885,  2634.0647129469494
886,  2632.349829992545
887,  2630.27033536822
888,  2627.8297218474804
889,  2625.06706957442
890,  2622.030420564938
891,  2618.795613401239
892,  2615.428972326982
893,  2611.9655448829785
894,  2608.4541905517694
895,  2604.948089473629
896,  2601.4717276436168
897,  2598.021749752263
898,  2594.5868650815623
899,  2591.1474019247935
900,  2587.681818119357
901,  2584.142533483038
902,  2580.4689566489865
903,  2576.6542433099453
904,  2572.6602252148846
905,  2568.442448743685
906,  2564.026782815669
907,  2559.42194945005
908,  2554.6506737297364
909,  2549.767286747302
910,  2544.830359102078
911,  2539.926897703193
912,  2535.1350193402845
913,  2530.5221453356044
914,  2526.153740487949
915,  2522.0977197956204
916,  2518.3809545512067
917,  2515.016639041032
918,  2511.9847333072635
919,  2509.2209048433942
920,  2506.649398886432
921,  2504.1674709881177
922,  2501.657076957115
923,  2498.9604468799107
924,  2495.9359164178722
925,  2492.4826185261218
926,  2488.4940475085878
927,  2483.9106109934564
928,  2478.6582901839197
929,  2472.7893938510983
930,  2466.3692797953886
931,  2459.500315529266
932,  2452.3543007506846
933,  2445.0938002614485
934,  2437.898089618034
935,  2430.9491872143353
936,  2424.4374316325075
937,  2418.436684694451
938,  2413.024211781739
939,  2408.1866339837616
940,  2403.8687313804658
941,  2399.9808196250697
942,  2396.3546559252754
943,  2392.7766617314473
944,  2389.052892204243
945,  2385.0206459336728
946,  2380.5272205465344
947,  2375.4561710309413
948,  2369.7365728812365
949,  2363.4340156865287
950,  2356.6412378616833
951,  2349.4659039904154
952,  2342.0718736552403
953,  2334.6544225199027
954,  2327.4003851560446
955,  2320.4625371902935
956,  2313.933985682518
957,  2307.8353926251966
958,  2302.208329516773
959,  2296.981375141331
960,  2292.0160996058976
961,  2287.2001316423693
962,  2282.373332498774
963,  2277.410942760993
964,  2272.197161245317
965,  2266.6712222894657
966,  2260.8166133722693
967,  2254.6732960047793
968,  2248.338055379855
969,  2241.9276379719377
970,  2235.6178855966855
971,  2229.5462140674836
972,  2223.86392831228
973,  2218.708233305118
974,  2214.16361478854
975,  2210.275403536557
976,  2206.98983937239
977,  2204.2675545540105
978,  2202.006768109618
979,  2200.1038062019884
980,  2198.3981443747452
981,  2196.7647407893623
982,  2195.09510620155
983,  2193.268712611849
984,  2191.2244251376824
985,  2188.957258874381
986,  2186.4702540504713
987,  2183.7837781312282
988,  2181.008452209494
989,  2178.188399004918
990,  2175.4808197653665
991,  2172.9768564075466
992,  2170.7079345140246
993,  2168.7878384274372
994,  2167.2873610334264
995,  2166.2136272780645
996,  2165.5309294247627
997,  2165.2478233602287
998,  2165.3308314182086
999,  2165.73025515277
1000,  2166.3508047876658
1001,  2167.132292828631
1002,  2168.061801668371
1003,  2169.1017953356745
1004,  2170.1992665042017
1005,  2171.3567759692605
1006,  2172.5929953845907
1007,  2173.923009815151
1008,  2175.3719688739066
1009,  2176.9349649264923
1010,  2178.665260776894
1011,  2180.554966451423
1012,  2182.586362923018
1013,  2184.7688142501465
1014,  2187.048010975197
1015,  2189.399713313378
1016,  2191.7702688623285
1017,  2194.1314661341426
1018,  2196.4495707745764
1019,  2198.672478519395
1020,  2200.7836046215757
1021,  2202.8067181439783
1022,  2204.807057038388
1023,  2206.746563180727
1024,  2208.6816391444427
1025,  2210.6857852219473
1026,  2212.8217698246244
1027,  2215.106202220999
1028,  2217.5633528038893
1029,  2220.237527132773
1030,  2223.1201980755695
1031,  2226.202775138497
1032,  2229.41398495079
1033,  2232.744271063916
1034,  2236.135291885468
1035,  2239.543005396861
1036,  2242.9082864947345
1037,  2246.2227471955157
1038,  2249.475359520866
1039,  2252.665251858997
1040,  2255.83354112718
1041,  2259.015431349541
1042,  2262.2729840150478
1043,  2265.6861968656854
1044,  2269.281442572653
1045,  2273.1398020142997
1046,  2277.283099833288
1047,  2281.7526390393514
1048,  2286.5542989109535
1049,  2291.6912085257436
1050,  2297.1457490658267
1051,  2302.9166502499393
1052,  2308.9920689123715
1054,  2315.329996637498
1055,  2321.920486852794
1056,  2328.7621744796643
1057,  2335.8400502093805
1058,  2343.097805590883
1059,  2350.4897133788872
1060,  2358.0229547036715
1061,  2365.6327040100496
1062,  2373.1992287340104
1063,  2380.6598915733075
1064,  2387.954834967684
1065,  2394.988936494623
1066,  2401.688867187793
1067,  2407.98954092551
1068,  2413.8785245736644
1069,  2419.3635892081397
1070,  2424.4709230731596
1071,  2429.262623119652
1072,  2433.841362796684
1073,  2438.2894016246814
1074,  2442.6848667561953
1075,  2447.1570229279655
1076,  2451.7630835742166
1077,  2456.5573620996156
1078,  2461.5412534708826
1079,  2466.723953326344
1080,  2472.062757869262
1081,  2477.4835024810486
1082,  2482.9231171417864
1083,  2488.310178697769
1084,  2493.566778609381
1085,  2498.613954373812
1086,  2503.4536250199867
1087,  2508.0536521864065
1088,  2512.442113442055
1089,  2516.656825654687
1090,  2520.7720465689526
1091,  2524.871317235651
1092,  2529.0232228510254
1093,  2533.2972433367227
1094,  2537.753898901007
1095,  2542.4145655227485
1096,  2547.2879600150773
1097,  2552.2969404467144
1098,  2557.397835932154
1099,  2562.5103121005586
1100,  2567.512250515402
1101,  2572.2553404734795
1102,  2576.6551364908623
1103,  2580.643162175945
1104,  2584.1303255027346
1105,  2587.090705322323
1106,  2589.5309590358825
1107,  2591.5216822697503
1108,  2593.113708172692
1109,  2594.4185675907224
1110,  2595.582290506897
1111,  2596.6861985489127
1112,  2597.840946841779
1113,  2599.144170848304
1114,  2600.6578233547975
1115,  2602.397004985205
1116,  2604.329195974321
1117,  2606.4183725960024
1118,  2608.6160685401646
1119,  2610.8161603700123
1120,  2612.911556333716
1121,  2614.820504351222
1122,  2616.479335371539
1123,  2617.8365862247806
1124,  2618.8297515844665
1125,  2619.464573392337
1126,  2619.7845391292417
1127,  2619.8379999209633
1128,  2619.6659614276023
1129,  2619.3455826548784
1130,  2618.9547108723436
1131,  2618.5536358623535
1132,  2618.1661348320795
1133,  2617.8068032293913
1134,  2617.466062197211
1135,  2617.1332033898334
1136,  2616.7431067800844
1137,  2616.1923292082474
1138,  2615.4468969806157
1139,  2614.4373157960304
1140,  2613.100823502522
1141,  2611.382662064874
1142,  2609.2882404645025
1143,  2606.858769280555
1144,  2604.1295233661913
1145,  2601.152171440862
1146,  2598.026397199907
1147,  2594.874049953434
1148,  2591.777184050379
1149,  2588.8110115352806
1150,  2586.0221059208993
1151,  2583.47555469536
1152,  2581.1819563052577
1153,  2579.0891828137055
1154,  2577.1366612904817
1155,  2575.2745830189638
1156,  2573.412491476128
1157,  2571.430200369493
1158,  2569.2205958115183
1159,  2566.730263214382
1160,  2563.904392728955
1161,  2560.6780330635547
1162,  2557.033010518692
1163,  2553.017550249645
1164,  2548.7048256264684
1165,  2544.1378272561064
1166,  2539.410544413321
1167,  2534.6649444754
1168,  2530.014540600571
1169,  2525.543021787263
1170,  2521.327998882061
1171,  2517.468420994178
1172,  2514.0047398499396
1173,  2510.9043737632683
1174,  2508.122590155998
1175,  2505.614924393679
1176,  2503.2774636307963
1177,  2500.970942351671
1178,  2498.532143531009
1179,  2495.8580056577116
1180,  2492.8583801871837
1181,  2489.3791639156143
1182,  2485.3501857802253
1183,  2480.784574590225
1184,  2475.6907887339407
1185,  2470.1039283894743
1186,  2464.1023773879256
1187,  2457.831956240887
1188,  2451.4456787276595
1189,  2445.027899665757
1190,  2438.694391586787
1191,  2432.5742183746606
1192,  2426.742925708504
1193,  2421.2123488067714
1194,  2415.955423460025
1195,  2410.9843210069853
1196,  2406.233265477417
1197,  2401.625355804095
1198,  2397.045785575052
1199,  2392.4195391646626
1200,  2387.7171651673243
1201,  2382.8518857739364
1202,  2377.758210110822
1203,  2372.482367090487
1204,  2367.076642918224
1205,  2361.557554697565
1206,  2355.985848399661
1207,  2350.4997898710617
1208,  2345.2258709664457
1209,  2340.210127855752
1210,  2335.559177809426
1211,  2331.3705386199495
1212,  2327.7114513893243
1213,  2324.5628772484447
1214,  2321.887346145573
1215,  2319.6684168723104
1216,  2317.8312366802834
1217,  2316.2209675757267
1218,  2314.700567740112
1219,  2313.167778903123
1220,  2311.5196903998967
1221,  2309.600523007113
1222,  2307.328318362768
1223,  2304.709493036379
1224,  2301.7426211738166
1225,  2298.439378101185
1226,  2294.876238629716
1227,  2291.1853086553
1228,  2287.4932893583787
1229,  2283.874598820071
1230,  2280.4364643119093
1231,  2277.2629043080333
1232,  2274.439780062913
1233,  2271.924490343823
1234,  2269.6974331680094
1235,  2267.774528519096
1236,  2266.0743072625164
1237,  2264.495750600133
1238,  2262.951207027953
1239,  2261.423101136852
1240,  2259.868524028404
1241,  2258.2325614238507
1242,  2256.492115966224
1243,  2254.7356329445693
1244,  2253.0010726243586
1245,  2251.307627796172
1246,  2249.70990304145
1247,  2248.3249396558767
1248,  2247.200637047601
1249,  2246.3052193612693
1250,  2245.757530123945
1251,  2245.5643103051057
1252,  2245.7360751721826
1253,  2246.235566553894
1254,  2247.038052778846
1255,  2248.1425888100193
1256,  2249.546313546807
1257,  2251.1787779736114
1258,  2252.9898288445834
1259,  2254.9873634011465
1260,  2257.166784964208
1261,  2259.4351375602823
1262,  2261.7652769833676
1263,  2264.1583145245636
1264,  2266.6145935073405
1265,  2269.0582231325934
1266,  2271.4397426551836
1267,  2273.7852390964126
1268,  2276.1124055027503
1269,  2278.369584517067
1270,  2280.562063958603
1271,  2282.722187753875
1272,  2284.945765105536
1273,  2287.214853546698
1274,  2289.5326024805786
1275,  2292.0202263620386
1276,  2294.766918104521
1277,  2297.745285718154
1278,  2300.9599267908106
1279,  2304.439203459082
1280,  2308.236921200375
1281,  2312.2466899877368
1282,  2316.36244689087
1283,  2320.5448163125384
1284,  2324.774353846108
1285,  2328.9054533683234
1286,  2332.807279946427
1287,  2336.482451309907
1288,  2339.9324903519455
1289,  2343.1170544301813
1290,  2346.0236352217266
1291,  2348.7414730427945
1292,  2351.3934695390208
1293,  2354.03187252493
1294,  2356.6934281140716
1295,  2359.5331251680495
1296,  2362.619149646035
1297,  2366.036505072212
1298,  2369.7447771505285
1299,  2373.744887568935
1300,  2378.09261551854
1301,  2382.647185530442
1302,  2387.305514620938
1303,  2392.026206723317
1304,  2396.760584298352
1305,  2401.390858609335
1306,  2405.8362249096394
1307,  2410.0724218112127
1308,  2414.1385516233386
1309,  2418.0159455206444
1310,  2421.7398052388085
1311,  2425.418283706701
1312,  2429.1420632436243
1313,  2432.9836486086315
1314,  2437.0049732706675
1315,  2441.290506885791
1316,  2445.9179437607627
1317,  2450.867178770363
1318,  2456.103114372745
1319,  2461.5970749238254
1320,  2467.2856456066856
1321,  2473.0433154686357
1322,  2478.746127374931
1323,  2484.3124737338444
1324,  2489.663206739491
1325,  2494.72457970925
1326,  2499.3997064537784
1327,  2503.6802803549485
1328,  2507.6315665928055
1329,  2511.252304113213
1330,  2514.5799290748337
1331,  2517.694685296654
1332,  2520.698676628113
1333,  2523.6463406048797
1334,  2526.5677433087035
1335,  2529.5061436070173
1336,  2532.520920516978
1337,  2535.6028442457937
1338,  2538.684674809852
1339,  2541.7681161682895
1340,  2544.8395433709256
1341,  2547.824484503381
1342,  2550.683366537936
1343,  2553.3683923683316
1344,  2555.8861762734587
1345,  2558.2333906287267
1346,  2560.3324154902966
1347,  2562.253057714822
1348,  2563.984799026243
1349,  2565.554663938524
1350,  2567.0124731044525
1351,  2568.3691855156553
1352,  2569.6896619674876
1353,  2571.0314258943504
1354,  2572.3788824566545
1355,  2573.754346358502
1356,  2575.197529786221
1357,  2576.7052299179563
1358,  2578.1984326921815
1359,  2579.6442492238625
1360,  2581.0295857117485
1361,  2582.2652860791245
1362,  2583.2354676443524
1363,  2583.908142427474
1364,  2584.246680497896
1365,  2584.229669427133
1366,  2583.8004262578347
1367,  2582.992988387199
1368,  2581.902246636008
1369,  2580.5932987370857
1370,  2579.1320870352365
1371,  2577.633678099936
1372,  2576.2490308705105
1373,  2575.079253974365
1374,  2574.1490243096428
1375,  2573.52312204687
1376,  2573.226153704611
1377,  2573.243806917662
1378,  2573.4661847083676
1379,  2573.7910729795162
1380,  2574.107582734923
1381,  2574.2662102338663
1382,  2574.086700836012
1383,  2573.373032513059
1384,  2572.0700125712533
1385,  2570.046406641544
1386,  2567.167467631128
1388,  2563.4286802182023
1389,  2558.8427712766374
1390,  2553.475540098128
1391,  2547.411853520977
1392,  2540.818831540159
1393,  2533.9062114107205
1394,  2526.894016930778
1395,  2520.0229320467643
1396,  2513.564864951259
1397,  2507.7400645296148
1398,  2502.7632982392997
1399,  2498.7705739627827
1400,  2495.793201362727
1401,  2493.9122615563097
1402,  2492.9434589184
1403,  2492.695938769987
1404,  2492.910291387459
1405,  2493.246277817017
1406,  2493.320568880362
1407,  2492.7641796291914
1408,  2491.2537313635717
1409,  2488.5334512560894
1410,  2484.449568280414
1411,  2478.967798362788
1412,  2472.2231678283238
1413,  2464.4459732510886
1414,  2455.97484590547
1415,  2447.2526907277575
1416,  2438.7467292281763
1417,  2430.8949631854784
1418,  2424.1115216162557
1419,  2418.6910271202196
1420,  2414.8281316641137
1421,  2412.563569469054
1422,  2411.7621550744893
1423,  2412.2231875412513
1424,  2413.6152499931277
1425,  2415.4909281738946
1426,  2417.4916757557207
1427,  2419.222882055522
1428,  2420.3800300817184
1429,  2420.693194808859
1430,  2420.0409297419023
1431,  2418.416204860986
1432,  2415.95584839598
1433,  2412.8075559686595
1434,  2409.171680746678
1435,  2405.3336971788676
1436,  2401.4919393106024
1437,  2397.842174744299
1438,  2394.5195461031735
1439,  2391.5457361181616
1440,  2388.9775655308904
1441,  2386.748579927439
1442,  2384.7233559196693
1443,  2382.797445426453
1444,  2380.9012782917007
1445,  2378.931379020937
1446,  2376.8201162275427
1447,  2374.5300514233595
1448,  2372.101404558629
1449,  2369.579701003804
1450,  2367.012527743983
1451,  2364.458587695489
1452,  2361.9217309858113
1453,  2359.5160187603055
1454,  2357.204166883559
1455,  2354.931765873893
1456,  2352.6686519126465
1457,  2350.4045575091186
1458,  2348.036014409296
1459,  2345.4996124287863
1460,  2342.771430772581
1461,  2339.8890405084685
1462,  2336.8697618756223
1463,  2333.6974548911912
1464,  2330.492068247952
1465,  2327.369120165882
1466,  2324.372107178757
1467,  2321.5553192531056
1468,  2318.9857414518738
1469,  2316.739570202836
1470,  2314.7872938418823
1471,  2313.060441270989
1472,  2311.555617631713
1473,  2310.245996041279
1474,  2309.0398307163296
1475,  2307.843645806154
1476,  2306.667742505735
1477,  2305.460333590603
1478,  2304.1969591353813
1479,  2302.844833268631
1480,  2301.4605452520827
1481,  2300.116609330074
1482,  2298.837619044096
1483,  2297.62059623584
1484,  2296.562741216966
1485,  2295.724158250282
1486,  2295.1406456676996
1487,  2294.805272355361
1488,  2294.7386608061997
1489,  2294.9940604019666
1490,  2295.5467836109756
1491,  2296.3435746853365
1492,  2297.3830576704013
1493,  2298.66436201748
1494,  2300.1248184910687
1495,  2301.6939927049652
1496,  2303.3452338172274
1497,  2305.059312369104
1498,  2306.7921602631404
1499,  2308.444578559829
1500,  2310.0453627601123
1501,  2311.577398487432
1502,  2313.0333778321906
1503,  2314.4212719006773
1504,  2315.749808515484
1505,  2317.073541236592
1506,  2318.427958659202
1507,  2319.8395971757573
1508,  2321.334710661993
1509,  2322.9770114772687
1510,  2324.770555942175
1511,  2326.7066751546627
1512,  2328.779671382015
1513,  2330.9607606632694
1514,  2333.2227610561904
1515,  2335.489418083309
1516,  2337.7265288736903
1517,  2339.897787725232
1518,  2341.955370896796
1519,  2343.867097492979
1520,  2345.622470620933
1521,  2347.2528402843354
1522,  2348.7796595082814
1523,  2350.228874990262
1524,  2351.66337013459
1525,  2353.1489139511655
1526,  2354.727498978332
1527,  2356.4307704359844
1528,  2358.301405504757
1529,  2360.3719672820425
1530,  2362.6194842149916
1531,  2365.0286431904897
1532,  2367.5682320007154
1533,  2370.204063385235
1534,  2372.8782441051285
1535,  2375.5333575185723
1536,  2378.158242786969
1537,  2380.7074386950085
1538,  2383.153819716692
1539,  2385.51185058797
1540,  2387.7970619322605
1541,  2390.051061562932
1542,  2392.293305841415
1543,  2394.5767038134136
1544,  2396.974505440716
1545,  2399.513905118485
1546,  2402.2261290174756
1547,  2405.132928658061
1548,  2408.25659456159
1549,  2411.565749790027
1550,  2415.070459323795
1551,  2418.7105027009056
1552,  2422.458303583115
1553,  2426.280939003163
1554,  2430.105096556464
1555,  2433.910808260679
1556,  2437.6979362494276
1557,  2441.4408885365383
1558,  2445.1078027055833
1559,  2448.719651027957
1560,  2452.314794184281
1561,  2455.8930846502253
1562,  2459.4340388547007
1563,  2462.958049213645
1564,  2466.4669488467152
1565,  2469.93080303875
1566,  2473.280927301966
1567,  2476.479354719197
1568,  2479.4999240562665
1569,  2482.2767577673894
1570,  2484.758723779954
1571,  2486.913918680123
1572,  2488.7653880527446
1573,  2490.3544467497018
1574,  2491.6824900854394
1575,  2492.8441560038623
1576,  2493.9430382271307
1577,  2495.0838702753035
1578,  2496.340704635627
1579,  2497.779429819728
1580,  2499.473258719977
1581,  2501.4620524343645
1582,  2503.7145293075946
1583,  2506.1641410441202
1584,  2508.7718060463812
1585,  2511.4722964125112
1586,  2514.129383979614
1587,  2516.633014646561
1588,  2518.938733473271
1589,  2521.0053989329526
1590,  2522.7618497655167
1591,  2524.2175293772443
1592,  2525.412432058908
1593,  2526.409648070233
1594,  2527.2470232551277
1595,  2527.9681912437886
1596,  2528.665994862312
1597,  2529.3904504941233
1598,  2530.142566665904
1599,  2530.8882101570834
1600,  2531.6718874909066
1601,  2532.4601533827604
1602,  2533.184490909241
1603,  2533.7966176004584
1604,  2534.305457369842
1605,  2534.714283578023
1606,  2534.9842623592303
1607,  2535.1279984102684
1608,  2535.21834277449
1609,  2535.3134857146797
1610,  2535.426436957741
1611,  2535.562945681032
1612,  2535.797020012859
1613,  2536.1652771520194
1614,  2536.597200942795
1615,  2537.0581490974487
1616,  2537.519510585446
1617,  2537.9711290370947
1618,  2538.312003361874
1619,  2538.460592310052
1620,  2538.4273076634017
1621,  2538.208262518459
1622,  2537.770578107387
1623,  2537.135018344545
1624,  2536.340498857477
1625,  2535.468726517744
1626,  2534.5398545406024
1627,  2533.573649196631
1628,  2532.6023980243913
1629,  2531.6526125910623
1630,  2530.702350275991
1631,  2529.6839599638015
1632,  2528.54504811088
1633,  2527.2510070463663
1634,  2525.7287129563706
1635,  2523.8969434796018
1636,  2521.710086933106
1637,  2519.191993224078
1638,  2516.343086708134
1639,  2513.1887709560137
1640,  2509.804236274141
1641,  2506.323507056546
1642,  2502.8307334430265
1643,  2499.4301795751303
1644,  2496.2323680406294
1645,  2493.349379541352
1646,  2490.837990873413
1647,  2488.7053188202385
1648,  2486.932801094461
1649,  2485.5139129167223
1650,  2484.3658840179414
1651,  2483.3380265201454
1652,  2482.33585234796
1653,  2481.258524254113
1654,  2480.002120026968
1655,  2478.427665175755
1656,  2476.4850554803497
1657,  2474.1751662301535
1658,  2471.502154929156
1659,  2468.481471448029
1660,  2465.1905515086078
1661,  2461.767077980755
1662,  2458.3218892745244
1663,  2454.9450876580754
1664,  2451.741369658297
1665,  2448.8189067557723
1666,  2446.2468676442395
1667,  2444.0244623178446
1668,  2442.10232456101
1669,  2440.4639810191297
1670,  2439.0397006631333
1671,  2437.6781447647454
1672,  2436.254742854621
1673,  2434.6819963276726
1674,  2432.8551093902747
1675,  2430.6417503909693
1676,  2427.9895569853193
1677,  2424.8834286895553
1678,  2421.3397557253675
1679,  2417.393618582098
1680,  2413.0950012160793
1681,  2408.574697273612
1682,  2403.9408178478634
1683,  2399.294144694908
1684,  2394.727427844623
1685,  2390.3771606685473
1686,  2386.30398443376
1687,  2382.517756253915
1688,  2379.0654877977286
1689,  2375.9387376861064
1690,  2373.085336923448
1691,  2370.4259734178613
1692,  2367.8965684907434
1693,  2365.4126062740543
1694,  2362.8880326923745
1695,  2360.253778004564
1696,  2357.441210895445
1697,  2354.433106767591
1698,  2351.214789940231
1699,  2347.8177588757735
1700,  2344.2754397233184
1701,  2340.6848131991233
1702,  2337.1411240907996
1703,  2333.714278085449
1704,  2330.510300713504
1705,  2327.6214690317074
1706,  2325.1143348456435
1707,  2323.003367096937
1708,  2321.2973186617596
1709,  2319.989166597742
1710,  2319.025204537663
1711,  2318.3044232734937
1712,  2317.755424354744
1713,  2317.310180289862
1714,  2316.880302322876
1715,  2316.377005683845
1716,  2315.800010115131
1717,  2315.1400523441807
1718,  2314.3927676565513
1719,  2313.603038359095
1720,  2312.825988983374
1722,  2312.133677841178
1723,  2311.5626277821866
1724,  2311.189255493914
1725,  2311.049308087406
1726,  2311.12258602128
1727,  2311.4217657232234
1728,  2311.9477008386084
1729,  2312.674198156192
1730,  2313.5362414488154
1731,  2314.478946175026
1732,  2315.496031889782
1733,  2316.536974075977
1734,  2317.5618007755907
1735,  2318.539324498215
1736,  2319.4721356738246
1737,  2320.334334207975
1738,  2321.1164697987215
1739,  2321.8250363919387
1740,  2322.432574881069
1741,  2322.9559116956852
1742,  2323.397055768105
1743,  2323.765156054694
1744,  2324.072201531666
1745,  2324.372192884375
1746,  2324.676687787336
1747,  2325.0164467422337
1748,  2325.445578962416
1749,  2325.993544094921
1750,  2326.6853786402385
1751,  2327.5298172585462
1752,  2328.5266013262317
1753,  2329.6577220870986
1754,  2330.8938335069197
1755,  2332.218931081876
1756,  2333.5791962214457
1757,  2334.9476955539867
1758,  2336.314581888102
1759,  2337.649736614967
1760,  2338.9681496747935
1761,  2340.2740444713863
1762,  2341.5842027828194
1763,  2342.9565437507144
1764,  2344.3970392226374
1765,  2345.920573916532
1766,  2347.5468884245374
1767,  2349.3178416030287
1768,  2351.2089158018625
1769,  2353.1701742241485
1770,  2355.236564362598
1771,  2357.393648749324
1772,  2359.599944843966
1773,  2361.8377877391513
1774,  2364.1439208108472
1775,  2366.513722970688
1776,  2368.9354094554396
1777,  2371.469156075297
1778,  2374.1686551987195
1779,  2377.015999594126
1780,  2380.028710657509
1781,  2383.2237210506564
1782,  2386.597001495983
1783,  2390.1124882213594
1784,  2393.6932693081267
1785,  2397.2898405650203
1786,  2400.8591159351913
1787,  2404.3001392029255
1788,  2407.51532878813
1789,  2410.4615413306237
1790,  2413.092876383497
1791,  2415.379763084096
1792,  2417.3064227081436
1793,  2418.8997492859116
1794,  2420.2299717063825
1795,  2421.362713788275
1796,  2422.373670135001
1797,  2423.3886559167718
1798,  2424.5107376061455
1799,  2425.819711305872
1800,  2427.4038299174895
1801,  2429.3333388074984
1802,  2431.621417832522
1803,  2434.255929829028
1804,  2437.2076539955638
1805,  2440.4152481741276
1806,  2443.7573264341736
1807,  2447.1182634484826
1808,  2450.3908250912214
1809,  2453.435835729392
1810,  2456.1757933536483
1811,  2458.5220102129742
1812,  2460.4238069762623
1813,  2461.887282650527
1814,  2462.957405832709
1815,  2463.686029115856
1816,  2464.18980041147
1817,  2464.608889923912
1818,  2465.069972621769
1819,  2465.685821587555
1820,  2466.5733328667593
1821,  2467.8044070720944
1822,  2469.41161992408
1823,  2471.3818780015745
1824,  2473.648478903105
1825,  2476.1370967205144
1826,  2478.709925050763
1827,  2481.2490031030397
1828,  2483.5957138076137
1829,  2485.621170109858
1830,  2487.2582995137777
1831,  2488.434014161501
1832,  2489.115044043424
1833,  2489.3583482680738
1834,  2489.2387982586547
1835,  2488.8570486955773
1836,  2488.3225576802665
1837,  2487.789238649789
1838,  2487.4010086738667
1839,  2487.2782836165898
1840,  2487.4641829068423
1841,  2488.0400444009642
1842,  2489.027864261238
1843,  2490.377594910085
1844,  2492.019509913764
1845,  2493.8713396402063
1846,  2495.8244536737166
1847,  2497.7489686930007
1848,  2499.5131059341497
1849,  2501.0167349176118
1850,  2502.19514414966
1851,  2502.9481096649565
1852,  2503.238960697016
1853,  2503.072610527647
1854,  2502.4559714199972
1855,  2501.4359641909064
1856,  2500.0316718398367
1857,  2498.3500418349336
1858,  2496.4791846696653
1859,  2494.476483211711
1860,  2492.429646244981
1861,  2490.394243304188
1862,  2488.4453823708354
1863,  2486.6235068727647
1864,  2484.9541951715933
1865,  2483.4514740455243
1866,  2482.1391964707473
1867,  2480.9888827527407
1868,  2479.9609807422153
1869,  2479.018004659313
1870,  2478.130793170533
1871,  2477.2594548172347
1872,  2476.318795721623
1873,  2475.2866775866687
1874,  2474.1404047449582
1875,  2472.8425127308637
1876,  2471.3795505155376
1877,  2469.774020145845
1878,  2468.0367658228247
1879,  2466.2272184230555
1880,  2464.40419790882
1881,  2462.597511586456
1882,  2460.876770895482
1883,  2459.340476904548
1884,  2458.006072454392
1885,  2456.89725493488
1886,  2456.049755947222
1887,  2455.4654331390393
1888,  2455.086530855558
1889,  2454.8493309729915
1890,  2454.6846398369926
1891,  2454.5350564195296
1892,  2454.283859118134
1893,  2453.834276303172
1894,  2453.1385321914654
1895,  2452.1533416984444
1896,  2450.8413890901584
1897,  2449.203867756972
1898,  2447.2917836440733
1899,  2445.158679896531
1900,  2442.8766712506385
1901,  2440.5173429649512
1902,  2438.150165715606
1903,  2435.8648472295467
1904,  2433.7035955786146
1905,  2431.6934934973065
1906,  2429.8095786020126
1907,  2428.0798694310056
1908,  2426.452170801323
1909,  2424.849740911169
1910,  2423.2356501259897
1911,  2421.563447541826
1912,  2419.8170533540015
1913,  2417.9396603532564
1914,  2415.9465013832537
1915,  2413.865863730967
1916,  2411.7139109062855
1917,  2409.5315302239997
1918,  2407.3630299298684
1919,  2405.26778297477
1920,  2403.2833223828434
1921,  2401.4196316770094
1922,  2399.686805255593
1923,  2398.10986503217
1924,  2396.6796627509957
1925,  2395.371447036853
1926,  2394.178483637685
1927,  2393.0892763073157
1928,  2392.0895077379664
1929,  2391.176703806762
1930,  2390.329732486339
1931,  2389.5486003429337
1932,  2388.844183556438
1933,  2388.185065221001
1934,  2387.5379707156553
1935,  2386.879594578266
1936,  2386.1819333215135
1937,  2385.370210599876
1938,  2384.4000237821456
1939,  2383.2465345779096
1940,  2381.8698791066236
1941,  2380.255216867286
1942,  2378.416554760088
1943,  2376.3997653734896
1944,  2374.263621501039
1945,  2372.087455986406
1946,  2369.9664423255285
1947,  2368.0020642157106
1948,  2366.3094049336505
1949,  2364.9271221505574
1950,  2363.920605395149
1951,  2363.3272680903356
1952,  2363.112658823933
1953,  2363.248399696536
1954,  2363.663249781523
1955,  2364.259445273273
1956,  2364.944126704915
1957,  2365.632257687921
1958,  2366.229190358412
1959,  2366.675782856255
1960,  2366.9563326537054
1961,  2367.0559674019623
1962,  2366.9959709058885
1963,  2366.819840390551
1964,  2366.605124762467
1965,  2366.405748494046
1966,  2366.2860421497503
1967,  2366.3088983842517
1968,  2366.5134598047625
1969,  2366.9219968683847
1970,  2367.5201580494413
1971,  2368.2877619288247
1972,  2369.1972791921726
1973,  2370.200258640535
1974,  2371.250374827254
1975,  2372.274923400547
1976,  2373.234827549891
1977,  2374.1069741874553
1978,  2374.850374372034
1979,  2375.4506558941634
1980,  2375.9106261464876
1981,  2376.244388178624
1982,  2376.4594558120325
1983,  2376.5551837531407
1984,  2376.5696816424684
1985,  2376.530630723642
1986,  2376.4539101456376
1987,  2376.3416119603125
1988,  2376.2408754458393
1989,  2376.18067106366
1990,  2376.1595600223536
1991,  2376.221870633674
1992,  2376.3961072493944
1993,  2376.695258353361
1994,  2377.1763546665134
1995,  2377.845332770951
1996,  2378.7158762696426
1997,  2379.811182261696
1998,  2381.150915270753
1999,  2382.6879979007326
2000,  2384.4158979296744
2001,  2386.3114885451964
2002,  2388.3128253939713
2003,  2390.363772096007
2004,  2392.392710117766
2005,  2394.309183240216
2006,  2396.063020481376
2007,  2397.606632500305
2008,  2398.856162692831
2009,  2399.7949223936903
2010,  2400.44264408964
2011,  2400.8171621079277
2012,  2400.9416918310785
2013,  2400.9147684818977
2014,  2400.852679359861
2015,  2400.85618060597
2016,  2401.0321036702885
2017,  2401.4791770047495
2018,  2402.3070806548435
2019,  2403.564296461698
2020,  2405.22682268501
2021,  2407.2958363378193
2022,  2409.721472567174
2023,  2412.3709155884867
2024,  2415.110237492692
2025,  2417.7994261577146
2026,  2420.3214761840945
2027,  2422.533309049633
2028,  2424.347805667711
2029,  2425.715311439374
2030,  2426.6446106764597
2031,  2427.1867603335677
2032,  2427.4104118341224
2033,  2427.436071579183
2034,  2427.4395478009196
2035,  2427.542444426069
2036,  2427.8419323381086
2037,  2428.468458613485
2038,  2429.5139809479333
2039,  2430.9399713759003
2040,  2432.7247506618132
2041,  2434.833483105832
2042,  2437.1530399719627
2043,  2439.548193073926
2044,  2441.908623538485
2045,  2444.0984127500215
2046,  2446.0462700508933
2047,  2447.6613876650517
2048,  2448.9195023230236
2049,  2449.8110690773824
2050,  2450.389302593046
2051,  2450.707260308394
2052,  2450.8215160828845
2053,  2450.830345712081
2054,  2450.8335121926402
2056,  2450.8861637703762
2057,  2451.059802675784
2058,  2451.4015549812234
2059,  2451.9040174510064
2060,  2452.589312262052
2061,  2453.436080389381
2062,  2454.4026179338566
2063,  2455.4514597891666
2064,  2456.549236795614
2065,  2457.656805792809
2066,  2458.7367674555835
2067,  2459.7437534168744
2068,  2460.6606380555017
2069,  2461.4863285057495
2070,  2462.1832693853707
2071,  2462.7188294912758
2072,  2463.1304180307793
2073,  2463.382114482922
2074,  2463.4407248945117
2075,  2463.310855334921
2076,  2462.9878770456808
2077,  2462.485492963469
2078,  2461.7834151374755
2079,  2460.905854924412
2080,  2459.891756211782
2081,  2458.7912798105426
2082,  2457.64234500505
2083,  2456.494346156081
2084,  2455.430624322734
2085,  2454.509132179544
2086,  2453.748543031227
2087,  2453.2085717917384
2088,  2452.9214224493226
2089,  2452.8753764653407
2090,  2453.0168325297595
2091,  2453.357625875568
2092,  2453.8365087193206
2093,  2454.3538122626037
2094,  2454.870849013352
2095,  2455.317108076609
2096,  2455.6506899683063
2097,  2455.8370496000384
2098,  2455.82294183555
2099,  2455.640895152997
2100,  2455.2986101170936
2101,  2454.8149831407472
2102,  2454.2354486222935
2103,  2453.605255050506
2104,  2452.9811056137705
2105,  2452.380001900315
2106,  2451.8013511441336
2107,  2451.2892981724995
2108,  2450.811739333851
2109,  2450.3344432036965
2110,  2449.833587159428
2111,  2449.272354689795
2112,  2448.609023537423
2113,  2447.7945568030696
2114,  2446.823633358467
2115,  2445.6925977029837
2116,  2444.417928367501
2117,  2442.9986513966264
2118,  2441.4945737151675
2119,  2439.9652978181603
2120,  2438.441188642684
2121,  2436.9918442055036
2122,  2435.6472527843866
2123,  2434.4330710318786
2124,  2433.3748376047633
2125,  2432.471735248302
2126,  2431.702459423273
2127,  2431.0368310420113
2128,  2430.4372562791004
2129,  2429.8777277954737
2130,  2429.309326600675
2131,  2428.6949418794843
2132,  2428.0121739027304
2133,  2427.253075296647
2134,  2426.40829277493
2135,  2425.4802267982486
2136,  2424.480651525734
2137,  2423.4522139730607
2138,  2422.4054859954854
2139,  2421.3627988607127
2140,  2420.3470576808872
2141,  2419.399552415253
2142,  2418.52152215153
2143,  2417.7116699949506
2144,  2416.997986972495
2145,  2416.370713067742
2146,  2415.837775655732
2147,  2415.3600914569574
2148,  2414.9254350801834
2149,  2414.5168137089777
2150,  2414.1088928210265
2151,  2413.6686138159835
2152,  2413.1465986407634
2153,  2412.5271016426946
2154,  2411.7907728846167
2155,  2410.896216958929
2156,  2409.8295225331026
2157,  2408.6067269178006
2158,  2407.2266186113666
2159,  2405.701253735127
2160,  2404.081626439328
2161,  2402.386698757126
2162,  2400.678953088111
2163,  2398.9965136568285
2164,  2397.406311448302
2165,  2395.927074136227
2166,  2394.6264001371387
2167,  2393.4987094476974
2168,  2392.5729660004818
2169,  2391.8266290153133
2170,  2391.240271254191
2171,  2390.7755975098844
2172,  2390.3724495722554
2173,  2389.9934286282505
2174,  2389.5823044502467
2175,  2389.0822013701254
2176,  2388.452965018798
2177,  2387.6990514136824
2178,  2386.822853548965
2179,  2385.817252862875
2180,  2384.737094169462
2181,  2383.656649750422
2182,  2382.62823042732
2183,  2381.7123405270104
2184,  2380.970710222322
2185,  2380.4818986488813
2186,  2380.2463438058576
2187,  2380.2877453151796
2188,  2380.5719505981365
2189,  2381.0632380212664
2190,  2381.710428661003
2191,  2382.4320925153615
2192,  2383.1431691450807
2193,  2383.7694584549963
2194,  2384.273427786753
2195,  2384.6016783338414
2196,  2384.729628096543
2197,  2384.671788156079
2198,  2384.4636925887808
2199,  2384.147251588509
2200,  2383.78546355242
2201,  2383.4384985712536
2202,  2383.1396058294067
2203,  2382.953746948349
2204,  2382.9023985946924
2205,  2382.971500180811
2206,  2383.155336410028
2207,  2383.430700755235
2208,  2383.7595458878013
2209,  2384.0990803517843
2210,  2384.416539428835
2211,  2384.6750615662413
2212,  2384.8907329555086
2213,  2385.0668257851057
2214,  2385.221587557809
2215,  2385.383405572402
2216,  2385.6307453533173
2217,  2385.983415954831
2218,  2386.4876296171396
2219,  2387.155284174152
2220,  2388.0234801174665
2221,  2389.064359478223
2222,  2390.2492333132286
2223,  2391.5333614516608
2224,  2392.862943758315
2225,  2394.178056713913
2226,  2395.4065378535033
2227,  2396.4782831499806
2228,  2397.3613578730715
2229,  2398.024649083311
2230,  2398.4452287942668
2231,  2398.6192744032987
2232,  2398.5865111460243
2233,  2398.3832576889254
2234,  2398.0470305540243
2235,  2397.649637212827
2236,  2397.230950297207
2237,  2396.8713413291134
2238,  2396.6007466843453
2239,  2396.4657627457045
2240,  2396.499226191082
2241,  2396.701711156659
2242,  2397.0913808065025
2243,  2397.6302467508795
2244,  2398.323845650793
2245,  2399.1259579040975
2246,  2399.9891874921386
2247,  2400.876388942766
2248,  2401.768478311381
2249,  2402.637301141345
2250,  2403.435074992282
2251,  2404.152652645712
2252,  2404.8051557927524
2253,  2405.4051375945196
2254,  2405.9523358191313
2255,  2406.4419269912487
2256,  2406.930808814433
2257,  2407.4441486976057
2258,  2407.9585212385696
2259,  2408.4691134495015
2260,  2409.0139180234987
2261,  2409.5660180918703
2262,  2410.0883316269515
2263,  2410.568497619758
2264,  2411.0003109013433
2265,  2411.3663969422073
2266,  2411.650284713341
2267,  2411.851510765083
2268,  2411.998014136966
2269,  2412.1161821066585
2270,  2412.2368088208705
2271,  2412.375747717978
2272,  2412.605367276099
2273,  2412.949442154937
2274,  2413.3935883506697
2275,  2413.968021082678
2276,  2414.6628219603604
2277,  2415.443456775241
2278,  2416.261210539234
2279,  2417.0560626415286
2280,  2417.794652646767
2281,  2418.4234255094593
2282,  2418.8957414732604
2283,  2419.1819230822207
2284,  2419.301161975673
2285,  2419.2748514133655
2286,  2419.105733281024
2287,  2418.8736624447793
2288,  2418.638641566264
2289,  2418.4816792051124
2290,  2418.4149491734647
2291,  2418.5047833905865
2292,  2418.8121768007495
2293,  2419.292591181746
2294,  2419.935672613424
2295,  2420.7082604901652
2296,  2421.5630818594427
2297,  2422.4290039511816
2298,  2423.21584908367
2299,  2423.8549313155636
2300,  2424.3108271406113
2301,  2424.5286680110053
2302,  2424.4677424850584
2303,  2424.129133705966
2304,  2423.5376108641244
2305,  2422.7249489617734
2306,  2421.7384140569884
2307,  2420.6364760863953
2308,  2419.501500959134
2309,  2418.4216990605605
2310,  2417.455192987566
2311,  2416.6455038843665
2312,  2416.0793913568227
2313,  2415.7895540547493
2314,  2415.7678017129783
2315,  2415.9866042181707
2316,  2416.4541990898574
2317,  2417.104466915325
2318,  2417.8393034742194
2319,  2418.5857086225014
2320,  2419.262871828083
2321,  2419.7955964660887
2322,  2420.109589936509
2323,  2420.13129608486
2324,  2419.8745197857074
2325,  2419.3483523413192
2326,  2418.575118456916
2327,  2417.6031241770247
2328,  2416.517909218036
2329,  2415.443109200818
2330,  2414.434364729116
2331,  2413.5472593147115
2332,  2412.8658343653333
2333,  2412.4194666713124
2334,  2412.192686867669
2335,  2412.1528413384804
2336,  2412.2576229776378
2337,  2412.439944855677
2338,  2412.612620888543
2339,  2412.7161130049817
2340,  2412.669043884435
2341,  2412.4516726088773
2342,  2412.0446999909254
2343,  2411.4397147520463
2344,  2410.6808096130303
2345,  2409.8240347751303
2346,  2408.922740618509
2347,  2408.0336300140384
2348,  2407.2207656269197
2349,  2406.5396820334795
2350,  2406.0052973411252
2351,  2405.6066164603335
2352,  2405.351607180516
2353,  2405.221319521769
2354,  2405.147681172724
2355,  2405.101111793103
2356,  2405.0527237861916
2357,  2404.9698078689594
2358,  2404.837180908514
2359,  2404.6516773649646
2360,  2404.4287450401503
2361,  2404.2077048799338
2362,  2404.0219889438376
2363,  2403.881967564028
2364,  2403.8238024367297
2365,  2403.869439210747
2366,  2404.031021214828
2367,  2404.254265325812
2368,  2404.5280885594857
2369,  2404.8267594348367
2370,  2405.077463722188
2371,  2405.24918680811
2372,  2405.2960399645463
2373,  2405.199203499024
2374,  2404.9508061189526
2375,  2404.5431208874397
2376,  2404.0142880077096
2377,  2403.3821714917967
2378,  2402.6999830565965
2379,  2402.016724176263
2380,  2401.336912109058
2381,  2400.7129490563593
2382,  2400.1527548189897
2383,  2399.6566503535437
2384,  2399.1928170699744
2385,  2398.7536896802776
2386,  2398.3014419547085
2387,  2397.8068856890936
2388,  2397.25725290981
2390,  2396.6294561013437
2391,  2395.9040027156843
2392,  2395.099405369201
2393,  2394.2687607219705
2394,  2393.4072592766033
2395,  2392.5610323482533
2396,  2391.786540546991
2397,  2391.1418394941347
2398,  2390.6325324429745
2399,  2390.2988697842247
2400,  2390.183402459857
2401,  2390.262562214169
2402,  2390.5400383406068
2403,  2390.985583826781
2404,  2391.558290952181
2405,  2392.2042317665414
2406,  2392.881752288635
2407,  2393.506129120178
2408,  2394.0120195713444
2409,  2394.3623707564175
2410,  2394.5097925634645
2411,  2394.4038162712127
2412,  2394.062414778816
2413,  2393.501899929607
2414,  2392.7446754068897
2415,  2391.8437494572117
2416,  2390.870969275802
2417,  2389.899101176936
2418,  2388.9855899526838
2419,  2388.197616751734
2420,  2387.5728053931184
2421,  2387.1432470254513
2422,  2386.910405859755
2423,  2386.8299369622705
2424,  2386.8774214600617
2425,  2387.006546398362
2426,  2387.1496787337983
2427,  2387.2456251574376
2428,  2387.2558711293213
2429,  2387.1636485082304
2430,  2386.94706620011
2431,  2386.612915560928
2432,  2386.2004359002367
2433,  2385.7509505159237
2434,  2385.307554317632
2435,  2384.9165734703365
2436,  2384.6321410772093
2437,  2384.4826650074892
2438,  2384.4879852392482
2439,  2384.642855723132
2440,  2384.9361324158517
2441,  2385.3284913178773
2442,  2385.802942019037
2443,  2386.3245260167955
2444,  2386.8436782167546
2445,  2387.3376031564494
2446,  2387.7969222314587
2447,  2388.2260727095645
2448,  2388.6157914346923
2449,  2388.9924084502036
2450,  2389.3872837899353
2451,  2389.795975435488
2452,  2390.2575298892216
2453,  2390.757124605713
2454,  2391.297856641658
2455,  2391.8697380316835
2456,  2392.434010993073
2457,  2392.933235504424
2458,  2393.33560585744
2459,  2393.615779368871
2460,  2393.7161125155467
2461,  2393.6080675635876
2462,  2393.295425438093
2463,  2392.796475224731
2464,  2392.129490336797
2465,  2391.3260848366854
2466,  2390.489682911452
2467,  2389.684943214411
2468,  2388.9614990254813
2469,  2388.385725637159
2470,  2388.030403352396
2471,  2387.949059247143
2472,  2388.117810310228
2473,  2388.5439561256962
2474,  2389.2194016221665
2475,  2390.0632063402327
2476,  2391.019658423733
2477,  2392.007765259411
2478,  2392.9595972094926
2479,  2393.7925290240864
2480,  2394.4289745910837
2481,  2394.827339107154
2482,  2394.970590527727
2483,  2394.856657558019
2484,  2394.4885563701973
2485,  2393.920649813541
2486,  2393.2193232462423
2487,  2392.4608426260097
2488,  2391.6864703417123
2489,  2390.9920001103937
2490,  2390.434967796019
2491,  2390.048064129953
2492,  2389.859689634334
2493,  2389.862487693021
2494,  2390.037607999703
2495,  2390.3395757722255
2496,  2390.7394728480317
2497,  2391.156071357533
2498,  2391.5381326444613
2499,  2391.8464362956465
2500,  2392.049148515914
2501,  2392.087195025084
2502,  2391.9934167770593
2503,  2391.770324221073
2504,  2391.419195530435
2505,  2390.981484109603
2506,  2390.4884981148043
2507,  2389.9753455615864
2508,  2389.466699239889
2509,  2388.9820277386857
2510,  2388.5357408934015
2511,  2388.1422262510923
2512,  2387.805284312933
2513,  2387.526149497334
2514,  2387.3019548320117
2515,  2387.149152793357
2516,  2387.095999542989
2517,  2387.124169920967
2518,  2387.251424599577
2519,  2387.5135359738038
2520,  2387.9229307535566
2521,  2388.4558059183782
2522,  2389.105224135708
2523,  2389.877112344302
2524,  2390.716693698385
2525,  2391.5690343444167
2526,  2392.4090965332753
2527,  2393.1522668838243
2528,  2393.7658528053444
2529,  2394.178549832499
2530,  2394.36528837875
2531,  2394.330440825499
2532,  2394.0523599372946
2533,  2393.5592138499846
2534,  2392.893679951836
2535,  2392.1132813266568
2536,  2391.2941735457553
2537,  2390.476004582867
2538,  2389.739931344148
2539,  2389.1706913921385
2540,  2388.7418497933936
2541,  2388.5188886024516
2542,  2388.4933019974596
2543,  2388.6416560770576
2544,  2388.909075324649
2545,  2389.240562065872
2546,  2389.5964022972976
2547,  2389.883408728123
2548,  2390.0542081234844
2549,  2390.0512104625004
2550,  2389.847294618118
2551,  2389.4220629507145
2552,  2388.784045726601
2553,  2387.946694985659
2554,  2386.9765088490685
2555,  2385.938782099811
2556,  2384.8873612204466
2557,  2383.9025890271582
2558,  2383.0762883699363
2559,  2382.454185396201
2560,  2382.0934729797023
2561,  2382.003049080234
2562,  2382.203400920114
2563,  2382.6576165151655
2564,  2383.320085359886
2565,  2384.128526175887
2566,  2385.0058856608894
2567,  2385.8401869884037
2568,  2386.5561623797635
2569,  2387.0786883660685
2570,  2387.354139526574
2571,  2387.322355001568
2572,  2386.994241700204
2573,  2386.3840792200162
2574,  2385.532040583638
2575,  2384.5138067038843
2576,  2383.4060228313965
2577,  2382.3009592300414
2578,  2381.2929622591355
2579,  2380.441116381427
2580,  2379.829245273082
2581,  2379.475270512977
2582,  2379.3910734191177
2583,  2379.5679047351514
2584,  2379.9468673099527
2585,  2380.4953963497046
2586,  2381.1404999052334
2587,  2381.803470417233
2588,  2382.4412301456377
2589,  2382.98949203556
2590,  2383.4222918185087
2591,  2383.736420802318
2592,  2383.9112778653853
2593,  2383.9790012980848
2594,  2383.962600203239
2595,  2383.9080428970033
2596,  2383.842279361891
2597,  2383.794361263571
2598,  2383.784254723055
2599,  2383.830217005754
2600,  2383.925138138457
2601,  2384.0613087098345
2602,  2384.214882044779
2603,  2384.390715376283
2604,  2384.5557264847803
2605,  2384.6824138393195
2606,  2384.7570281778635
2607,  2384.778874043649
2608,  2384.74193609494
2609,  2384.625498833143
2610,  2384.4407932872373
2611,  2384.180189189241
2612,  2383.8675903817875
2613,  2383.479587665388
2614,  2383.0339515378664
2615,  2382.5392096311675
2616,  2381.991982763016
2617,  2381.403692387002
2618,  2380.8114396028996
2619,  2380.221209557196
2620,  2379.6598623228538
2621,  2379.1463245235354
2622,  2378.7346221021153
2623,  2378.4070689590117
2624,  2378.182930721485
2625,  2378.079394076
2626,  2378.077316681589
2627,  2378.1714713113297
2628,  2378.3210658238086
2629,  2378.5331941127592
2630,  2378.7771407455703
2631,  2379.0155228294643
2632,  2379.276265562642
2633,  2379.531026644185
2634,  2379.814629479738
2635,  2380.148226459797
2636,  2380.51856413086
2637,  2380.971783070083
2638,  2381.510623131313
2639,  2382.1157025508446
2640,  2382.7641475264254
2641,  2383.425188300554
2642,  2384.0576958624597
2643,  2384.562592481958
2644,  2384.8907292992017
2645,  2385.0136305941132
2646,  2384.8843264624743
2647,  2384.4591643836475
2648,  2383.758160498862
2649,  2382.860028506807
2650,  2381.8261485677485
2651,  2380.718190250437
2652,  2379.6385918115407
2653,  2378.727334970011
2654,  2378.043053587153
2655,  2377.6178358573443
2656,  2377.4967292730958
2657,  2377.6961628147355
2658,  2378.16327055199
2659,  2378.792339022995
2660,  2379.503041490863
2661,  2380.2140806898315
2662,  2380.8206662629273
2663,  2381.1999593190803
2664,  2381.3172846811863
2665,  2381.1608212103592
2666,  2380.731154952164
2667,  2380.054551465907
2668,  2379.1974619622056
2669,  2378.268653222187
2670,  2377.363941676138
2671,  2376.5446408276457
2672,  2375.894808329497
2673,  2375.4726884451966
2674,  2375.32722076396
2675,  2375.4117073648968
2676,  2375.7081953908464
2677,  2376.1938733445822
2678,  2376.7772830807426
2679,  2377.3937457599677
2680,  2377.9695904882656
2681,  2378.464452547728
2682,  2378.8424204613884
2683,  2379.0618782042393
2684,  2379.153436537461
2685,  2379.143111785651
2686,  2379.055349626162
2687,  2378.9434419881804
2688,  2378.8584446248797
2689,  2378.853919072315
2690,  2378.9581921347326
2691,  2379.183314660115
2692,  2379.518824249786
2693,  2379.9694931326408
2694,  2380.5027294292577
2695,  2381.0509053104142
2696,  2381.561034912136
2697,  2381.9924619647254
2698,  2382.3267416632043
2699,  2382.505047020294
2700,  2382.511959397952
2701,  2382.361392041402
2702,  2382.089971935427
2703,  2381.714736280909
2704,  2381.269277014847
2705,  2380.825386310962
2706,  2380.4343848129834
2707,  2380.1146237423577
2708,  2379.8904987224805
2709,  2379.778798321633
2710,  2379.789455084377
2711,  2379.888196683808
2712,  2380.0346496203515
2713,  2380.1936478463613
2714,  2380.3547162618897
2715,  2380.44354331239
2716,  2380.4238182915087
2717,  2380.298728770349
2718,  2380.059465641566
2719,  2379.702830600757
2720,  2379.2279745884207
2721,  2378.6741931528177
2722,  2378.084998627757
2724,  2377.4678030013483
2725,  2376.8594182465686
2726,  2376.268899783904
2727,  2375.731213880068
2728,  2375.249121924119
2729,  2374.8024534733727
2730,  2374.4089383690434
2731,  2374.0447749897858
2732,  2373.6971774714243
2733,  2373.3701360691134
2734,  2373.051900313246
2735,  2372.7551318450815
2736,  2372.473199559591
2737,  2372.2386805432006
2738,  2372.0530002393325
2739,  2371.9532299561406
2740,  2371.94274980841
2741,  2372.043351061385
2742,  2372.246838742396
2743,  2372.5397659393157
2744,  2372.9240297213873
2745,  2373.34541972604
2746,  2373.767659563542
2747,  2374.159977343659
2748,  2374.467771173645
2749,  2374.6711009724545
2750,  2374.7269783988913
2751,  2374.6326883927322
2752,  2374.3981780617078
2753,  2374.0253139224806
2754,  2373.556994448554
2755,  2373.041713272374
2756,  2372.540767522149
2757,  2372.0825697704813
2758,  2371.7272219429906
2759,  2371.509294122272
2760,  2371.447422170786
2761,  2371.543519458205
2762,  2371.756595910356
2763,  2372.0746296010657
2764,  2372.4298623899763
2765,  2372.7696563292043
2766,  2373.006679094236
2767,  2373.1133320073072
2768,  2373.0461313564897
2769,  2372.771319879753
2770,  2372.281887227733
2771,  2371.62071276145
2772,  2370.8311538329103
2773,  2369.9582462952562
2774,  2369.0778410118864
2775,  2368.273970687142
2776,  2367.584654942929
2777,  2367.0809593740614
2778,  2366.7790413772336
2779,  2366.672348775422
2780,  2366.7460765135665
2781,  2366.9448634492437
2782,  2367.2258056994096
2783,  2367.5077621626056
2784,  2367.7295870256594
2785,  2367.839121491528
2786,  2367.8047867918694
2787,  2367.6228560467825
2788,  2367.28731185381
2789,  2366.865882374058
2790,  2366.394546998433
2791,  2365.9352271417497
2792,  2365.5522680193035
2793,  2365.299578957505
2794,  2365.2269560039717
2795,  2365.3270140333425
2796,  2365.5888723481517
2797,  2365.9975822584865
2798,  2366.5031040061904
2799,  2367.049560741415
2800,  2367.558015925988
2801,  2367.9927729237857
2802,  2368.3231659590465
2803,  2368.5247870808653
2804,  2368.6121568413114
2805,  2368.599073709607
2806,  2368.5441687880702
2807,  2368.480083471214
2808,  2368.470971144029
2809,  2368.54778411557
2810,  2368.750575972086
2811,  2369.070850936314
2812,  2369.4794890247676
2813,  2369.9654402709966
2814,  2370.4386050438497
2815,  2370.8560026209734
2816,  2371.1421217047205
2817,  2371.246908520622
2818,  2371.1176697796654
2819,  2370.7412579285024
2820,  2370.1289092739244
2821,  2369.332511892631
2822,  2368.3925119263768
2823,  2367.3968248598376
2824,  2366.4383102984025
2825,  2365.5950642167672
2826,  2364.9558208793787
2827,  2364.5700412730475
2828,  2364.468423370142
2829,  2364.676698943367
2830,  2365.1672987442903
2831,  2365.888379825576
2832,  2366.7747142543158
2833,  2367.7404825486606
2834,  2368.70835855761
2835,  2369.5840700584604
2836,  2370.302373282345
2837,  2370.8027883719833
2838,  2371.054662020043
2839,  2371.054429960095
2840,  2370.8142253031992
2841,  2370.3773969201384
2842,  2369.804373470769
2843,  2369.155091730736
2844,  2368.5116058192934
2845,  2367.9514360863095
2846,  2367.5175539904094
2847,  2367.260477552237
2848,  2367.2016286533894
2849,  2367.3381169670793
2850,  2367.6319287302726
2851,  2368.036854875582
2852,  2368.49688235987
2853,  2368.9364874293888
2854,  2369.275419550161
2855,  2369.4410616751056
2856,  2369.4147894997427
2857,  2369.1489973204607
2858,  2368.6422032679793
2859,  2367.9275203013576
2860,  2367.069618467147
2861,  2366.118307735798
2862,  2365.185162996124
2863,  2364.350028795455
2864,  2363.6854166630956
2865,  2363.2785879705525
2866,  2363.1644778894715
2867,  2363.3479774339053
2868,  2363.818823316212
2869,  2364.5435773314903
2870,  2365.4352051808564
2871,  2366.403492428528
2872,  2367.335775052031
2873,  2368.157549339666
2874,  2368.786667046543
2875,  2369.1489541803976
2876,  2369.209597128259
2877,  2368.9487830348285
2878,  2368.4345495633847
2879,  2367.70459021805
2880,  2366.8041984988313
2881,  2365.835381285459
2882,  2364.903857541383
2883,  2364.085632397425
2884,  2363.4219994693112
2885,  2362.96300911429
2886,  2362.748733386018
2887,  2362.7560214316
2888,  2362.942225150195
2889,  2363.2537997291593
2890,  2363.644955467211
2891,  2364.0458437984717
2892,  2364.3734570871306
2893,  2364.592772962581
2894,  2364.6845804009936
2895,  2364.629295815056
2896,  2364.4054619717026
2897,  2364.079946853234
2898,  2363.69385020103
2899,  2363.277847497122
2900,  2362.8880157042004
2901,  2362.5768313899644
2902,  2362.3909721210644
2903,  2362.349290012483
2904,  2362.4482918076164
2905,  2362.689679848818
2906,  2363.05187897679
2907,  2363.4929230930875
2908,  2363.9609786441506
2909,  2364.4100039152536
2910,  2364.8119452897945
2911,  2365.113587219969
2912,  2365.2865032968884
2913,  2365.3123018091974
2914,  2365.200556515463
2915,  2364.9570068417142
2916,  2364.578360519985
2917,  2364.092351387273
2918,  2363.545697779625
2919,  2362.9543556960807
2920,  2362.3384277959167
2921,  2361.7201710830886
2922,  2361.125513404004
2923,  2360.589029631548
2924,  2360.0918069834324
2925,  2359.6239227087367
2926,  2359.2161654633956
2927,  2358.8744120022193
2928,  2358.5878695548217
2929,  2358.329771227676
2930,  2358.121267247196
2931,  2357.9809378734303
2932,  2357.875074830681
2933,  2357.789450523096
2934,  2357.7273332239674
2935,  2357.701085387289
2936,  2357.684615430734
2937,  2357.641857515113
2938,  2357.575505464675
2939,  2357.495266828485
2940,  2357.389529542185
2941,  2357.2308243923944
2942,  2357.0460501313055
2943,  2356.8681406153983
2944,  2356.7026914786006
2945,  2356.5543391982515
2946,  2356.45884294617
2947,  2356.47071356987
2948,  2356.563172490288
2949,  2356.765364549009
2950,  2357.078497141845
2951,  2357.500994895392
2952,  2358.0136590840666
2953,  2358.5686345160057
2954,  2359.14134271096
2955,  2359.7131821909115
2956,  2360.213135278521
2957,  2360.618799190787
2958,  2360.909695150725
2959,  2361.0688461612926
2960,  2361.0933672162864
2961,  2360.9562106888557
2962,  2360.6947606407807
2963,  2360.337224658857
2964,  2359.871729495325
2965,  2359.3354042696856
2966,  2358.7550006157544
2967,  2358.161407047388
2968,  2357.570507147703
2969,  2356.9868156384987
2970,  2356.453657288468
2971,  2355.9815244945635
2972,  2355.5967335630294
2973,  2355.3167869573876
2974,  2355.1485386520453
2975,  2355.1218257343685
2976,  2355.254989034695
2977,  2355.526879253084
2978,  2355.9336232745773
2979,  2356.4566944617827
2980,  2357.055703580897
2981,  2357.675985922507
2982,  2358.2623967847944
2983,  2358.762450749238
2984,  2359.1153240414233
2985,  2359.279902433
2986,  2359.206852161933
2987,  2358.9032887249828
2988,  2358.3784899411226
2989,  2357.6707148684495
2990,  2356.825333745818
2991,  2355.919507782952
2992,  2355.0470374456827
2993,  2354.2744395127547
2994,  2353.6736538481287
2995,  2353.2929144887194
2996,  2353.1620597146475
2997,  2353.2893222679377
2998,  2353.625418901977
2999,  2354.1333258625245
3000,  2354.723059699284
3001,  2355.325312292277
3002,  2355.842119754713
3003,  2356.183632857846
3004,  2356.3113849590854
3005,  2356.184891770399
3006,  2355.785358342705
3007,  2355.160688804587
3008,  2354.3581616641645
3009,  2353.4491386707955
3010,  2352.5331094861576
3011,  2351.703050968229
3012,  2351.0603297898497
3013,  2350.6593178713065
3014,  2350.545815817267
3015,  2350.7619788426714
3016,  2351.2586575461646
3017,  2352.0023157074147
3018,  2352.9242881699274
3019,  2353.9378892557197
3020,  2354.9443228467358
3021,  2355.8413770827365
3022,  2356.568174354306
3023,  2357.0619080977667
3024,  2357.2685244187915
3025,  2357.219014049251
3026,  2356.922878017846
3027,  2356.42886954596
3028,  2355.8173857172583
3029,  2355.1421147403858
3030,  2354.5086379477816
3031,  2353.9772782989153
3032,  2353.5973673333947
3033,  2353.4035327985666
3034,  2353.4113655572637
3035,  2353.607116430713
3036,  2353.9460234060334
3037,  2354.4019642758394
3038,  2354.9062610064557
3039,  2355.386161026563
3040,  2355.7982617809703
3041,  2356.102938870139
3042,  2356.2754150087067
3043,  2356.2876839907876
3044,  2356.159564700012
3045,  2355.923690494171
3046,  2355.6087762656407
3047,  2355.252176217097
3060,  2354.8943573594343
3061,  2354.6044597931664
3062,  2354.393681140408
3063,  2354.2720009559116
3064,  2354.2636945289096
3065,  2354.336693878694
3066,  2354.4813936917617
3067,  2354.622214176049
3068,  2354.7395133321415
3069,  2354.797579624135
3070,  2354.722036367777
3071,  2354.483432685608
3072,  2354.0815501717807
3073,  2353.512204973751
3074,  2352.7691385766902
3075,  2351.876561593279
3076,  2350.9082378001226
3077,  2349.925163221714
3078,  2348.9604622656075
3079,  2348.0937253457732
3080,  2347.3950174541114
3081,  2346.9170741972557
3082,  2346.6655719350024
3083,  2346.6730310903567
3084,  2346.942382261541
3085,  2347.4494454581527
3086,  2348.135073914267
3087,  2348.965344462241
3088,  2349.86210515533
3089,  2350.774891702629
3090,  2351.6247025749008
3091,  2352.3437387589292
3092,  2352.913599432337
3093,  2353.284305887579
3094,  2353.4471994271844
3095,  2353.39837198459
3096,  2353.16650787075
3097,  2352.8014489721763
3098,  2352.3116261337077
3099,  2351.748298975195
3100,  2351.1838069991454
3101,  2350.649329989372
3102,  2350.184120700114
3103,  2349.811642591577
3104,  2349.574725194619
3105,  2349.474491299524
3106,  2349.494599974061
3107,  2349.6228023634662
3108,  2349.8356653103956
3109,  2350.1028831389017
3110,  2350.381721560195
3111,  2350.6228037889723
3112,  2350.7849377703606
3113,  2350.836435515097
3114,  2350.7508440543716
3115,  2350.476443588501
3116,  2350.0294420690825
3117,  2349.425796927673
3118,  2348.710658772492
3119,  2347.872038200213
3120,  2346.9852661991326
3121,  2346.1317709759674
3122,  2345.3695002358863
3123,  2344.727254319646
3124,  2344.2702299993534
3125,  2344.053677627683
3126,  2344.1011609432126
3127,  2344.380376387565
3128,  2344.8719822141497
3129,  2345.57729040312
3130,  2346.4349359686485
3131,  2347.354803009577
3132,  2348.2798789227263
3133,  2349.167468694157
3134,  2349.9636906771175
3135,  2350.6021711416497
3136,  2351.041893780657
3137,  2351.302620567304
3138,  2351.3710517894833
3139,  2351.243013677964
3140,  2350.9539022038507
3141,  2350.5588254698905
3142,  2350.0954988975463
3143,  2349.5960218233904
3144,  2349.120822824814
3145,  2348.717435174932
3146,  2348.4147829329695
3147,  2348.2262859848224
3148,  2348.1646094737607
3149,  2348.2446839527393
3150,  2348.437203544805
3151,  2348.696529214042
3152,  2349.0085198398965
3153,  2349.3338196334485
3154,  2349.642991719879
3155,  2349.8787269001486
3156,  2350.039868136273
3157,  2350.1295584275895
3158,  2350.1448349582715
3159,  2350.0921754199794
3160,  2350.004152729469
3161,  2349.9143663251234
3162,  2349.8423663228477
3163,  2349.7791652627448
3164,  2349.751003362475
3165,  2349.7423617957493
3166,  2349.7181685485216
3167,  2349.6560257370083
3168,  2349.50895581215
3169,  2349.2456567412537
3170,  2348.853202958418
3171,  2348.3104821599422
3172,  2347.634447932667
3173,  2346.8619924297363
3174,  2346.054064261585
3175,  2345.2631224696484
3176,  2344.5629766331394
3177,  2344.0336584507295
3178,  2343.7198639381772
3179,  2343.661739812689
3180,  2343.8385222187017
3181,  2344.234548880969
3182,  2344.7990609782055
3183,  2345.435793150179
3184,  2346.0671376913433
3185,  2346.572869452052
3186,  2346.876165149368
3187,  2346.9306881026714
3188,  2346.6760207476573
3189,  2346.129346848467
3190,  2345.3295884036465
3191,  2344.3370477746275
3192,  2343.243456863861
3193,  2342.1672537073073
3194,  2341.2230784948974
3195,  2340.4855305552655
3196,  2340.0320005981994
3197,  2339.922626957394
3198,  2340.1567915814003
3199,  2340.6761763831664
3200,  2341.4397393010395
3201,  2342.366882970443
3202,  2343.334622751423
3203,  2344.2312760707546
3204,  2344.963375262701
3205,  2345.4499368132883
3206,  2345.6269054194754
3207,  2345.4796271370487
3208,  2345.0263009980044
3209,  2344.303137607326
3210,  2343.3782347871984
3211,  2342.332624927645
3212,  2341.2783689047615
3213,  2340.298840525289
3214,  2339.4901475696397
3215,  2338.9019849002507
3216,  2338.578824565198
3217,  2338.5627809196276
3218,  2338.8094712322336
3219,  2339.288331081016
3220,  2339.9450811746483
3221,  2340.730755516208
3222,  2341.5497310832734
3223,  2342.3063332807224
3224,  2342.964696522113
3225,  2343.4578702931685
3226,  2343.746033728602
3227,  2343.8064948239644
3228,  2343.6422082052686
3229,  2343.30031035303
3230,  2342.7931624360635
3231,  2342.1790427897195
3232,  2341.531773071412
3233,  2340.9145477209177
3234,  2340.3887209952213
3235,  2339.982149407325
3236,  2339.755690342214
3237,  2339.7339364352256
3238,  2339.892152976973
3239,  2340.2124968938087
3240,  2340.6510595206214
3241,  2341.168193841412
3242,  2341.6854225598045
3243,  2342.115034200369
3244,  2342.418143228698
3245,  2342.5250217731423
3246,  2342.4012505172104
3247,  2342.0255136080023
3248,  2341.403881480529
3249,  2340.5736558974013
3250,  2339.5884405625548
3251,  2338.506418065175
3252,  2337.406812229484
3253,  2336.382575572151
3254,  2335.5020507452286
3255,  2334.8309076025444
3256,  2334.4147631036117
3257,  2334.2872697579915
3258,  2334.4180830057658
3259,  2334.78738370691
3260,  2335.3637909516783
3261,  2336.0871515633717
3262,  2336.8724624860424
3263,  2337.6434652527637
3264,  2338.368051759642
3265,  2338.9627560875165
3266,  2339.4061897585234
3267,  2339.67750749466
3268,  2339.771665902448
3269,  2339.7138066881043
3270,  2339.519655092822
3271,  2339.2361917231074
3272,  2338.8705658794242
3273,  2338.485711056447
3274,  2338.119660387718
3275,  2337.7608119991237
3276,  2337.457952270757
3277,  2337.2141910284863
3278,  2337.0374976027606
3279,  2336.9277610551544
3280,  2336.8756564335195
3281,  2336.88706837019
3282,  2336.9560682581905
3283,  2337.07195460534
3284,  2337.207544560827
3285,  2337.3493854739536
3286,  2337.483909422962
3287,  2337.5731438754383
3288,  2337.5765800480767
3289,  2337.4709446783518
3290,  2337.2279307870945
3291,  2336.836854455118
3292,  2336.2815777831206
3293,  2335.581957641859
3294,  2334.781178967421
3295,  2333.910024682772
3296,  2333.04606823599
3297,  2332.2759640009554
3298,  2331.6652141011
3299,  2331.2929806854145
3300,  2331.212330293023
3301,  2331.4576693719227
3302,  2332.04311537754
3303,  2332.92223507609
3304,  2334.0416369245104
3305,  2335.301443563013
3306,  2336.5968443957
3307,  2337.80635503053
3308,  2338.8026524876823
3309,  2339.4895848807
3310,  2339.7913716379326
3311,  2339.649736288632
3312,  2339.0623592485426
3313,  2338.0761464386405
3314,  2336.757668550676
3315,  2335.207868857253
3316,  2333.561559832383
3317,  2331.9358204535565
3318,  2330.463114495192
3319,  2329.249557768293
3320,  2328.377715284706
3321,  2327.8822967564165
3322,  2327.7732964419247
3323,  2328.040985383617
3324,  2328.588774533988
3325,  2329.3377339237786
3326,  2330.210581116852
3327,  2331.0794241688673
3328,  2331.848482530516
3329,  2332.4513805640145
3330,  2332.8100242545324
3331,  2332.9114418410536
3332,  2332.751573860295
3333,  2332.346942383915
3334,  2331.7408678128277
3335,  2331.027491455605
3336,  2330.2714483298632
3337,  2329.5510768686186
3338,  2328.9280833104112
3339,  2328.4864008204377
3340,  2328.2602458887422
3341,  2328.2726565936764
3342,  2328.528832269987
3343,  2329.015336953297
3344,  2329.6982574774256
3345,  2330.5210566905357
3346,  2331.4147856925356
3347,  2332.3219759658778
3348,  2333.167541078903
3349,  2333.8865732913
3350,  2334.419729857741
3351,  2334.737755869338
3352,  2334.8196228370443
3353,  2334.6389593529984
3354,  2334.2370742160033
3355,  2333.6297776053084
3356,  2332.8632997994196
3357,  2331.994369113784
3358,  2331.074141699866
3359,  2330.183168944208
3360,  2329.355993340667
3361,  2328.6424895150103
3362,  2328.093897073307
3363,  2327.7263980760226
3364,  2327.539461129016
3365,  2327.531341111051
3366,  2327.6869802568035
3367,  2327.973524119713
3368,  2328.3385755960135
3369,  2328.747894044265
3370,  2329.1783737105534
3371,  2329.5418400166377
3372,  2329.8280323747686
3373,  2329.996700593265
3374,  2330.033016104665
3375,  2329.9350262037156
3376,  2329.69807083311
3377,  2329.3442237491054
3378,  2328.8949219734277
3379,  2328.3956853148993
3380,  2327.8755022523737
3381,  2327.3777023804078
3382,  2326.9532992309933
3383,  2326.633128604205
3384,  2326.446138212942
3385,  2326.4004879141007
3386,  2326.505836953189
3387,  2326.758077652911
3388,  2327.1127248782395
3389,  2327.557371031352
3390,  2328.0435407743435
3391,  2328.549118502146
3392,  2329.0284548764594
3394,  2329.4468709016073
3395,  2329.781869115272
3396,  2330.016786606843
3397,  2330.141085795185
3398,  2330.1803146613147
3399,  2330.135516646752
3400,  2329.995598456502
3401,  2329.8262894710692
3402,  2329.6454305661746
3403,  2329.461062111406
3404,  2329.2959992198585
3405,  2329.1909062204613
3406,  2329.15699115822
3407,  2329.1944510733274
3408,  2329.327944935503
3409,  2329.529448193709
3410,  2329.8092767420835
3411,  2330.1287915699468
3412,  2330.4669285291634
3413,  2330.7975428732284
3414,  2331.0849197507328
3415,  2331.2924420008776
3416,  2331.403567333968
3417,  2331.3966007158856
3418,  2331.2599562979785
3419,  2331.0045389810184
3420,  2330.6559969254604
3421,  2330.2271361897024
3422,  2329.742162489637
3423,  2329.278401668235
3424,  2328.842215529032
3425,  2328.4723865950823
3426,  2328.1905109260933
3427,  2328.0061900414266
3428,  2327.919180439976
3429,  2327.900590819652
3430,  2327.9492187251644
3431,  2328.021708871681
3432,  2328.0714234214915
3433,  2328.0914374058284
3434,  2328.05284196586
3435,  2327.9468731426027
3436,  2327.7844060212915
3437,  2327.587166483169
3438,  2327.3648904781594
3439,  2327.15797895983
3440,  2327.0072715608876
3441,  2326.9331950971373
3442,  2326.959017577199
3443,  2327.088733265855
3444,  2327.316093464565
3445,  2327.635807778498
3446,  2328.0111789374805
3447,  2328.4273419379315
3448,  2328.8475196891295
3449,  2329.2193513925718
3450,  2329.5306553079745
3451,  2329.7873916440267
3452,  2329.9431597797256
3453,  2330.0184405974196
3454,  2330.030811461099
3455,  2329.994534699925
3456,  2329.900288272227
3457,  2329.7700121857492
3458,  2329.6325451828825
3459,  2329.4580504069136
3460,  2329.2558027787477
3461,  2329.0253959487054
3462,  2328.7493266867123
3463,  2328.4270483857354
3464,  2328.0442477505576
3465,  2327.613531499057
3466,  2327.167191254447
3467,  2326.710791539711
3468,  2326.2807251156137
3469,  2325.9220523177933
3470,  2325.660277713255
3471,  2325.522336753305
3472,  2325.508494528466
3473,  2325.631269955328
3474,  2325.8632052528255
3475,  2326.169851549155
3476,  2326.494363365173
3477,  2326.795559992799
3478,  2327.02977273755
3479,  2327.1445018975965
3480,  2327.0976795431534
3481,  2326.8818973784155
3482,  2326.504190595024
3483,  2326.003757365417
3484,  2325.4200104412566
3485,  2324.8015477592817
3486,  2324.2256695453098
3487,  2323.7471978701215
3488,  2323.4073119234317
3489,  2323.2477846778997
3490,  2323.2861759711145
3491,  2323.4937105663184
3492,  2323.8503925947803
3493,  2324.3066155783476
3494,  2324.786594942305
3495,  2325.2210422445637
3496,  2325.5309956069987
3497,  2325.690347003454
3498,  2325.6318997631934
3499,  2325.3319188099695
3500,  2324.8111489035045
3501,  2324.093787393208
3502,  2323.2417700062006
3503,  2322.30113254657
3504,  2321.3587127876426
3505,  2320.5129059724895
3506,  2319.8184494904363
3507,  2319.3341340780607
3508,  2319.0877316455826
3509,  2319.097093072902
3510,  2319.3634653066247
3511,  2319.8185429926125
3512,  2320.389793206743
3513,  2321.0424987703173
3514,  2321.663336994735
3515,  2322.1759154850924
3516,  2322.5183994131953
3517,  2322.6519757149376
3518,  2322.5600686137227
3519,  2322.2376427209347
3520,  2321.704324802575
3521,  2321.0353552892802
3522,  2320.3004359626516
3523,  2319.5621299229874
3524,  2318.893824725265
3525,  2318.3654224449497
3526,  2318.040265655178
3527,  2317.923880977146
3528,  2318.0006525967246
3529,  2318.265647151045
3530,  2318.6698971127585
3531,  2319.1373541584944
3532,  2319.587914130073
3533,  2319.9748576048696
3534,  2320.2164318316104
3535,  2320.2545314788895
3536,  2320.092433844883
3537,  2319.7256782537897
3538,  2319.1579787636806
3539,  2318.444814707407
3540,  2317.655310058793
3541,  2316.8553380258754
3542,  2316.132142203566
3543,  2315.531298414344
3544,  2315.1204680968585
3545,  2314.951486470911
3546,  2315.0122276443453
3547,  2315.3080631925795
3548,  2315.799712605567
3549,  2316.4510293991993
3550,  2317.190524094043
3551,  2317.937378937137
3552,  2318.639316307982
3553,  2319.20113588966
3554,  2319.595391495522
3555,  2319.753528054337
3556,  2319.654128860854
3557,  2319.304784555562
3558,  2318.7185514920857
3559,  2317.9243906246356
3560,  2316.970801886304
3561,  2315.9230427333578
3562,  2314.862440032954
3563,  2313.8426044126486
3564,  2312.928311737296
3565,  2312.2025744328485
3566,  2311.696328958875
3567,  2311.4317964106776
3568,  2311.4128319834185
3569,  2311.6364805944895
3570,  2312.065015655772
3571,  2312.6406981388873
3572,  2313.3017575358645
3573,  2313.9645916099444
3574,  2314.582051907958
3575,  2315.0561036926492
3576,  2315.354135781577
3577,  2315.436450451244
3578,  2315.290039857439
3579,  2314.9474630370805
3580,  2314.423534588236
3581,  2313.7992019862995
3582,  2313.1524032590055
3583,  2312.565517878108
3584,  2312.1186403416614
3585,  2311.891170019664
3586,  2311.9454586897964
3587,  2312.280397751137
3588,  2312.9140404012687
3589,  2313.8361351475505
3590,  2314.9503687980678
3591,  2316.1692559305657
3592,  2317.3975785436687
3593,  2318.531615129338
3594,  2319.4428449995735
3595,  2320.024699192254
3596,  2320.221914105179
3597,  2320.031537344765
3598,  2319.402212020399
3599,  2318.374093767351
3600,  2317.03658344214
3601,  2315.496557311403
3602,  2313.849619188772
3603,  2312.210515659227
3604,  2310.728504977511
3605,  2309.4897494995885
3606,  2308.550790192783
3607,  2307.9275642400285
3608,  2307.649356573228
3609,  2307.679798974861
3610,  2307.9357452726717
3611,  2308.3304017504433
3612,  2308.789856707528
3613,  2309.2320164316934
3614,  2309.571581776978
3615,  2309.7654753640163
3616,  2309.80327722097
3617,  2309.719606176772
3618,  2309.538291753134
3619,  2309.3065973036564
3620,  2309.1210443003692
3621,  2309.0539026287424
3622,  2309.1323760323585
3623,  2309.376212508538
3624,  2309.813837805082
3625,  2310.410739226976
3626,  2311.088214257641
3627,  2311.7794266650294
3628,  2312.403407662854
3629,  2312.888703317164
3630,  2313.1568879323677
3631,  2313.175108815647
3632,  2312.9427350499755
3633,  2312.488496513781
3634,  2311.860899213919
3635,  2311.1465400493266
3636,  2310.4448092903303
3637,  2309.850526630964
3638,  2309.4320885515785
3639,  2309.2347353173463
3640,  2309.2765974632243
3641,  2309.5755329389285
3642,  2310.059183991165
3643,  2310.6408499741015
3644,  2311.2370174432745
3645,  2311.78014609533
3646,  2312.1696496975255
3647,  2312.312010166722
3648,  2312.198219637933
3649,  2311.854626499575
3650,  2311.2829147499847
3651,  2310.54713514391
3652,  2309.7623782271976
3653,  2309.022920532535
3654,  2308.40252817688
3655,  2307.986347662504
3656,  2307.847269754789
3657,  2308.0030578332617
3658,  2308.4418519995806
3659,  2309.111729265778
3660,  2309.955394050965
3661,  2310.8746767814264
3662,  2311.7739921935927
3663,  2312.5445548704665
3664,  2313.1198174973097
3665,  2313.470039712267
3666,  2313.533106506128
3667,  2313.335839145805
3668,  2312.9186425645325
3669,  2312.3468624435845
3670,  2311.6982805910334
3671,  2311.0459281692456
3672,  2310.4760803640775
3673,  2310.0606106890036
3674,  2309.8222753751993
3675,  2309.7589971525094
3676,  2309.853816627351
3677,  2310.080409107699
3678,  2310.3405962340003
3679,  2310.5688983945465
3680,  2310.7146254667205
3681,  2310.710651143594
3682,  2310.5117008202405
3683,  2310.1238752941927
3684,  2309.5856116567384
3685,  2308.9523918273717
3686,  2308.2800609788965
3687,  2307.6669258127617
3688,  2307.205701543
3689,  2306.978879054913
3690,  2307.0173468616686
3691,  2307.3570275314837
3692,  2307.9869632198966
3693,  2308.859080070749
3694,  2309.907804529528
3695,  2311.033296377332
3696,  2312.138533264707
3697,  2313.1414091630113
3698,  2313.9632829958045
3699,  2314.54163144046
3700,  2314.857991075882
3701,  2314.9296249873814
3702,  2314.784835269207
3703,  2314.4752149787205
3704,  2314.0898556424777
3705,  2313.702003118296
3706,  2313.365968455104
3707,  2313.1173325173945
3708,  2313.007738215152
3709,  2313.0283503177216
3710,  2313.1417646264686
3711,  2313.3079907765978
3712,  2313.484486194435
3713,  2313.6133360414497
3714,  2313.6292952741696
3715,  2313.5033702379196
3716,  2313.2160026680394
3717,  2312.7747736931306
3718,  2312.192458797266
3719,  2311.495495849731
3720,  2310.7368845572255
3721,  2309.976919364769
3722,  2309.248690648311
3723,  2308.5634283769086
3724,  2307.952155801073
3725,  2307.4434834052727
3726,  2306.9963027491567
3728,  2306.587092597044
3729,  2306.200303610225
3730,  2305.80866549374
3731,  2305.3735631072414
3732,  2304.8775659063967
3733,  2304.320844540761
3734,  2303.7271797227368
3735,  2303.098116315531
3736,  2302.448884277348
3737,  2301.835525444781
3738,  2301.2911893686737
3739,  2300.83623545641
3740,  2300.4919379853036
3741,  2300.295648644348
3742,  2300.2570749895913
3743,  2300.360929367217
3744,  2300.6069530471113
3745,  2300.987278078224
3746,  2301.46456954553
3747,  2302.0157013084818
3748,  2302.6008289707106
3749,  2303.1814249213066
3750,  2303.720576709149
3751,  2304.1701668674673
3752,  2304.484922232569
3753,  2304.6647041346364
3754,  2304.67672508528
3755,  2304.500649851641
3756,  2304.1593641918507
3757,  2303.687114703224
3758,  2303.115129538358
3759,  2302.499377042973
3760,  2301.903535098879
3761,  2301.39295328939
3762,  2301.0172315021646
3763,  2300.820924481004
3764,  2300.839011601597
3765,  2301.0639558553166
3766,  2301.4861252587925
3767,  2302.047903223776
3768,  2302.6882819579514
3769,  2303.3319069320287
3770,  2303.9014984615524
3771,  2304.318675693151
3772,  2304.5275856863036
3773,  2304.475082154955
3774,  2304.1280254073868
3775,  2303.5243290871094
3776,  2302.709857278042
3777,  2301.700328416381
3778,  2300.5972707535198
3779,  2299.4960392319017
3780,  2298.469161404606
3781,  2297.600248635789
3782,  2296.9622140065
3783,  2296.5904525234077
3784,  2296.5010989815546
3785,  2296.6903602845878
3786,  2297.115895338353
3787,  2297.7375186305944
3788,  2298.4768245673163
3789,  2299.262678166918
3790,  2300.0170173047445
3791,  2300.6699041295724
3792,  2301.1590077094934
3793,  2301.449415308326
3794,  2301.525681847979
3795,  2301.3769915263665
3796,  2301.0349040277138
3797,  2300.5368409496987
3798,  2299.925409788393
3799,  2299.261837935335
3800,  2298.6056269804412
3801,  2298.009713832174
3802,  2297.5188864520787
3803,  2297.1772243792566
3804,  2296.977389909848
3805,  2296.9352437909192
3806,  2297.0394829946927
3807,  2297.255795733008
3808,  2297.5397591953424
3809,  2297.856145275752
3810,  2298.15373572711
3811,  2298.3800690131757
3812,  2298.5063571095825
3813,  2298.5091920037466
3814,  2298.379734558578
3815,  2298.1150602405814
3816,  2297.7486908997453
3817,  2297.315811138166
3818,  2296.855496591432
3819,  2296.4243098850247
3820,  2296.082869546899
3821,  2295.8601265165944
3822,  2295.8068113849768
3823,  2295.923074284422
3824,  2296.212061725272
3825,  2296.6575947653964
3826,  2297.2010498488703
3827,  2297.7824907343147
3828,  2298.3480911580746
3829,  2298.811930972789
3830,  2299.11605701152
3831,  2299.2108651632498
3832,  2299.07863663023
3833,  2298.6962168803652
3834,  2298.102867252219
3835,  2297.3431899794737
3836,  2296.4706807132325
3837,  2295.579554677639
3838,  2294.740744263905
3839,  2294.0387392840694
3840,  2293.526674143347
3841,  2293.2511056006133
3842,  2293.2356825455463
3843,  2293.466459075543
3844,  2293.9069288811133
3845,  2294.508511646664
3846,  2295.2077517543876
3847,  2295.918133693208
3848,  2296.55686047814
3849,  2297.0527890644626
3850,  2297.3386100835473
3851,  2297.389566592433
3852,  2297.168939645953
3853,  2296.679985454648
3854,  2295.942942210495
3855,  2295.0180826677124
3856,  2293.953216304039
3857,  2292.8149799065814
3858,  2291.7087940634583
3859,  2290.7089985241832
3860,  2289.889781323057
3861,  2289.3117259826677
3862,  2289.025878217346
3863,  2289.054024785709
3864,  2289.3770105192816
3865,  2289.9749105127903
3866,  2290.772548305278
3867,  2291.7041607139363
3868,  2292.6510162655713
3869,  2293.53206903652
3870,  2294.2305884908983
3871,  2294.660898290267
3872,  2294.79365958056
3873,  2294.5710717965594
3874,  2294.0156042270864
3875,  2293.1679164287443
3876,  2292.111130520657
3877,  2290.94658424364
3878,  2289.7673577335963
3879,  2288.702466838312
3880,  2287.863338936205
3881,  2287.3092499019904
3882,  2287.0748600124907
3883,  2287.1669917238905
3884,  2287.5691797262334
3885,  2288.200239034042
3886,  2288.9705740965937
3887,  2289.7764287228056
3888,  2290.5121818823545
3889,  2291.097862498306
3890,  2291.433772234952
3891,  2291.4803316023226
3892,  2291.2498901464523
3893,  2290.7448022345407
3894,  2290.000487299284
3895,  2289.111570778697
3896,  2288.1613015953644
3897,  2287.2277724886353
3898,  2286.391025790008
3899,  2285.73945163997
3900,  2285.3210358016113
3901,  2285.15378675962
3902,  2285.2319928292873
3903,  2285.5500526446326
3904,  2286.0598661124723
3905,  2286.7178344337467
3906,  2287.431130686725
3907,  2288.158153226434
3908,  2288.846630288377
3909,  2289.411431980555
3910,  2289.8161635562988
3911,  2290.042642536914
3912,  2290.081198740084
3913,  2289.9239077467105
3914,  2289.5970277885435
3915,  2289.137348784315
3916,  2288.567460559257
3917,  2287.950558873971
3918,  2287.2936708854236
3919,  2286.6638937440785
3920,  2286.0722990323084
3921,  2285.549007458396
3922,  2285.1021078926574
3923,  2284.717161554352
3924,  2284.4243349541434
3925,  2284.1988896365665
3926,  2284.043337834078
3927,  2283.959315206258
3928,  2283.942227389617
3929,  2284.0124656643484
3930,  2284.1522450927205
3931,  2284.3825731564893
3932,  2284.6936268127456
3933,  2285.1018424140398
3934,  2285.563661368604
3935,  2286.0551679919945
3936,  2286.5697344696073
3937,  2287.048593016595
3938,  2287.4358927050594
3939,  2287.7061189400565
3940,  2287.826619824279
3941,  2287.77110669326
3942,  2287.536741704917
3943,  2287.1389282153254
3944,  2286.612917392309
3945,  2286.0169284768454
3946,  2285.391409277633
3947,  2284.7883138155826
3948,  2284.287625547213
3949,  2283.9353007133523
3950,  2283.725381236115
3951,  2283.6863745213964
3952,  2283.8428166503472
3953,  2284.1203880404437
3954,  2284.486425554438
3955,  2284.8943717950274
3956,  2285.287049417487
3957,  2285.622832611287
3958,  2285.8262616617576
3959,  2285.895665810981
3960,  2285.827088174967
3961,  2285.622779300007
3962,  2285.294151670349
3963,  2284.9002041525496
3964,  2284.511657905589
3965,  2284.1527504688056
3966,  2283.888616610204
3967,  2283.761262282157
3968,  2283.805978528383
3969,  2284.0236051613133
3970,  2284.38660319647
3971,  2284.874876793855
3972,  2285.4371295826886
3973,  2286.015880553753
3974,  2286.5340608242423
3975,  2286.911779438973
3976,  2287.1347500627785
3977,  2287.1489290426625
3978,  2286.9162775559107
3979,  2286.4809836657882
3980,  2285.8647798968304
3981,  2285.1116049843017
3982,  2284.2701474971645
3983,  2283.42365090184
3984,  2282.632531770067
3985,  2281.9399559223675
3986,  2281.39294516486
3987,  2280.9888570623484
3988,  2280.7493496678753
3989,  2280.653467210929
3990,  2280.653550943216
3991,  2280.7178319635277
3992,  2280.830857369718
3993,  2280.95305324181
3994,  2281.03475203264
3995,  2281.0887756184893
3996,  2281.122795709747
3997,  2281.1339194002203
3998,  2281.142294905845
3999,  2281.172030019327
4000,  2281.2409830548477
4001,  2281.3602015441866
4002,  2281.535605296141
4003,  2281.728612777746
4004,  2281.9593644865436
4005,  2282.18684482533
4006,  2282.367446678362
4007,  2282.4644139299107
4008,  2282.475173018849
4009,  2282.365579553616
4010,  2282.1060050039773
4011,  2281.7033092674537
4012,  2281.1739266381865
4013,  2280.545762634505
4014,  2279.8234116585045
4015,  2279.033149805546
4016,  2278.2349975704064
4017,  2277.4534243740877
4018,  2276.7156155256234
4019,  2276.042774705669
4020,  2275.4796914506933
4021,  2275.036876240143
4022,  2274.714864673526
4023,  2274.5201323049732
4024,  2274.433506935763
4025,  2274.4558478262716
4026,  2274.563906759446
4027,  2274.711479337579
4028,  2274.8774380867144
4029,  2275.050697549192
4030,  2275.1713249031104
4031,  2275.2246742407606
4032,  2275.211954881809
4033,  2275.11425760151
4034,  2274.9312988635315
4035,  2274.6736407010785
4036,  2274.3809379518825
4037,  2274.0628508955333
4038,  2273.742425975473
4039,  2273.4610360408187
4040,  2273.257216833165
4041,  2273.1466510372775
4042,  2273.139998176028
4043,  2273.2404278393515
4044,  2273.4538378270668
4045,  2273.783910823253
4046,  2274.1819242668125
4047,  2274.6196323328586
4048,  2275.0856285860636
4049,  2275.52875539248
4050,  2275.9005383701365
4051,  2276.1692011893656
4052,  2276.326969088365
4053,  2276.3198807464933
4054,  2276.152052047353
4055,  2275.818484518749
4056,  2275.337763085351
4057,  2274.7407416218857
4058,  2274.070854151225
4059,  2273.3438248744633
4060,  2272.655839675589
4062,  2272.0411912537274
4063,  2271.528285327693
4064,  2271.166548516215
4065,  2270.956837581574
4066,  2270.915319459743
4067,  2271.01349555587
4068,  2271.209504756972
4069,  2271.4685532183153
4070,  2271.7445140309533
4071,  2271.985692740325
4072,  2272.148572271797
4073,  2272.229679810086
4074,  2272.2163443612926
4075,  2272.096510619176
4076,  2271.928010415038
4077,  2271.736902940872
4078,  2271.567373095392
4079,  2271.449019820431
4080,  2271.43063430493
4081,  2271.5323034228613
4082,  2271.743666767808
4083,  2272.052546933097
4084,  2272.4244755633977
4085,  2272.8359404976018
4086,  2273.2308559594994
4087,  2273.5469215917974
4088,  2273.7596241947394
4089,  2273.848182181495
4090,  2273.7903502399363
4091,  2273.5855436101965
4092,  2273.24616075251
4093,  2272.8112405321767
4094,  2272.2964154961583
4095,  2271.730664923126
4096,  2271.151545252714
4097,  2270.56526887399
4098,  2269.996445353976
4099,  2269.441985431893
4100,  2268.902315888071
4101,  2268.396302445298
4102,  2267.899320282686
4103,  2267.413204338216
4104,  2266.946442647869
4105,  2266.5200698234066
4106,  2266.1306791881048
4107,  2265.783579180028
4108,  2265.5018645014607
4109,  2265.2957848288506
4110,  2265.155157555838
4111,  2265.097518449914
4112,  2265.1035644018566
4113,  2265.1883273806397
4114,  2265.3418176787727
4115,  2265.5459212508886
4116,  2265.817023432005
4117,  2266.1519334024842
4118,  2266.5318156084004
4119,  2266.9658471297207
4120,  2267.4516525062454
4121,  2267.960333895387
4122,  2268.4693109811296
4123,  2268.962393006873
4124,  2269.381514214681
4125,  2269.7026451424053
4126,  2269.8961768610798
4127,  2269.921912034988
4128,  2269.781362488205
4129,  2269.4769291882267
4130,  2269.037914758718
4131,  2268.499709881272
4132,  2267.927977064534
4133,  2267.4018630591045
4134,  2266.973546417543
4135,  2266.7192140169363
4136,  2266.664747915571
4137,  2266.8396661337138
4138,  2267.2402012152215
4139,  2267.81891336179
4140,  2268.5284911069703
4141,  2269.3036109942313
4142,  2270.0547570579147
4143,  2270.6945595363773
4144,  2271.1567292701147
4145,  2271.3997463648398
4146,  2271.3641148691186
4147,  2271.0514087099373
4148,  2270.4815991630358
4149,  2269.6783117753544
4150,  2268.6938819270063
4151,  2267.5891088615563
4152,  2266.42443544568
4153,  2265.2772547012014
4154,  2264.211463702739
4155,  2263.2784878957477
4156,  2262.519988899415
4157,  2261.9856797646207
4158,  2261.6865797991777
4159,  2261.6095749619535
4160,  2261.772148012982
4161,  2262.1339925787756
4162,  2262.653302386103
4163,  2263.2770370085373
4164,  2263.942552860044
4165,  2264.5937705524866
4166,  2265.167084248454
4167,  2265.6053247468
4168,  2265.87535128753
4169,  2265.983247333811
4170,  2265.913119045199
4171,  2265.674021444647
4172,  2265.3285463279667
4173,  2264.9339608513274
4174,  2264.5170943806047
4175,  2264.1312367249316
4176,  2263.8219065701305
4177,  2263.615157614219
4178,  2263.4930046938694
4179,  2263.4464344192465
4180,  2263.45607521871
4181,  2263.4793832074574
4182,  2263.4758386666203
4183,  2263.3963914085234
4184,  2263.236505696724
4185,  2262.995582897608
4186,  2262.658620215532
4187,  2262.2586696459402
4188,  2261.8485898868184
4189,  2261.455574054904
4190,  2261.1178920604602
4191,  2260.878306099283
4192,  2260.7521821535797
4193,  2260.739105210749
4194,  2260.846629237254
4195,  2261.03219503011
4196,  2261.259474070851
4197,  2261.5107793415154
4198,  2261.7170282440547
4199,  2261.8522754795968
4200,  2261.891201599413
4201,  2261.813908951922
4202,  2261.6126764663454
4203,  2261.309375761386
4204,  2260.923775870311
4205,  2260.466995832759
4206,  2259.9885899903784
4207,  2259.522776740515
4208,  2259.0937100379647
4209,  2258.733663307501
4210,  2258.4952783359913
4211,  2258.3505298726714
4212,  2258.3338831336987
4213,  2258.4439258238635
4214,  2258.668246950091
4215,  2258.9788746287963
4216,  2259.3551821441024
4217,  2259.7832386461578
4218,  2260.216346907087
4219,  2260.619434882973
4220,  2260.9649253438383
4221,  2261.2261006535327
4222,  2261.4017320422818
4223,  2261.4637318218456
4224,  2261.4155162529514
4225,  2261.279583374321
4226,  2261.067560728331
4227,  2260.8070989209637
4228,  2260.5212721507532
4229,  2260.239462176739
4230,  2259.9815377260998
4231,  2259.7665106638574
4232,  2259.6136832829225
4233,  2259.506606665698
4234,  2259.453169150199
4235,  2259.4449063599172
4236,  2259.448902485451
4237,  2259.451948992269
4238,  2259.4446786399794
4239,  2259.3931977214356
4240,  2259.298900943397
4241,  2259.155237555202
4242,  2258.9477200419888
4243,  2258.697999763098
4244,  2258.41691990652
4245,  2258.094021756358
4246,  2257.7541728366705
4247,  2257.4140651518883
4248,  2257.065109749291
4249,  2256.7156049301393
4250,  2256.362027206038
4251,  2256.0126308031386
4252,  2255.665163159734
4253,  2255.3184047198806
4254,  2254.9660299246834
4255,  2254.627853541397
4256,  2254.3333872129647
4257,  2254.0779404673954
4258,  2253.9042353801706
4259,  2253.843506574992
4260,  2253.9146113680936
4261,  2254.120774088823
4262,  2254.4852974760015
4263,  2254.9896549562313
4264,  2255.612007740886
4265,  2256.295945896324
4266,  2257.012943497154
4267,  2257.6796356325935
4268,  2258.227732221732
4269,  2258.613667323507
4270,  2258.7790712492674
4271,  2258.6984793210286
4272,  2258.379264286601
4273,  2257.8199933616934
4274,  2257.0757356555064
4275,  2256.2142461306535
4276,  2255.311388209043
4277,  2254.4460447311812
4278,  2253.6846507134533
4279,  2253.1133510313293
4280,  2252.78687897308
4281,  2252.7071855965078
4282,  2252.872293926199
4283,  2253.2729413755624
4284,  2253.8716302784887
4285,  2254.5872527192755
4286,  2255.3356050056727
4287,  2256.081657014668
4288,  2256.761591071614
4289,  2257.2890658364386
4290,  2257.645325771783
4291,  2257.8323560525278
4292,  2257.8488807293206
4293,  2257.696947853549
4294,  2257.398901069624
4295,  2257.01836662255
4296,  2256.60082518501
4297,  2256.1602789752887
4298,  2255.7235716006453
4299,  2255.3402141933384
4300,  2255.0268584953383
4301,  2254.7617712794854
4302,  2254.5417637168066
4303,  2254.3608268600174
4304,  2254.201211881523
4305,  2254.0315841784527
4306,  2253.8338495174066
4307,  2253.583493994131
4308,  2253.28998108004
4309,  2252.946358774617
4310,  2252.5416509663855
4311,  2252.12070015264
4312,  2251.6953967870268
4313,  2251.3110769127443
4314,  2250.9878651664126
4315,  2250.75091698666
4316,  2250.657879537114
4317,  2250.688620891845
4318,  2250.869308614991
4319,  2251.1771860473073
4320,  2251.57773743734
4321,  2252.033639082232
4322,  2252.472271449081
4323,  2252.8464745459714
4324,  2253.0896255373727
4325,  2253.150931870187
4326,  2252.9794205184703
4327,  2252.5451361523733
4328,  2251.876263436759
4329,  2250.980096025407
4330,  2249.9052759159404
4331,  2248.7323935099803
4332,  2247.5502573395584
4333,  2246.439413838888
4334,  2245.4734086764347
4335,  2244.7333734546874
4336,  2244.265613812113
4337,  2244.093410638113
4338,  2244.201961839686
4339,  2244.5500939322455
4340,  2245.111793856099
4341,  2245.7903778492237
4342,  2246.489601374816
4343,  2247.1519554377182
4344,  2247.70770538358
4345,  2248.0909840128134
4346,  2248.2552384846867
4347,  2248.1940743386663
4348,  2247.9244664407497
4349,  2247.451806310546
4350,  2246.8099352615595
4351,  2246.049599767753
4352,  2245.205695660562
4353,  2244.3271677821067
4354,  2243.444288927929
4355,  2242.5808702310114
4356,  2241.774740732189
4357,  2241.033411349127
4358,  2240.374845358506
4359,  2239.803508833436
4360,  2239.3260732491235
4361,  2238.9748320412236
4362,  2238.742531039908
4363,  2238.6546350089625
4364,  2238.708738968367
4365,  2238.9048674209234
4366,  2239.2589253611804
4367,  2239.7375394439387
4368,  2240.3111312937353
4369,  2240.943324487983
4370,  2241.6008576647105
4371,  2242.2387884848004
4372,  2242.794885702489
4373,  2243.23629797893
4374,  2243.521123370177
4375,  2243.6277462138896
4376,  2243.537790376507
4377,  2243.252080143537
4378,  2242.8109280151366
4379,  2242.229726153143
4380,  2241.5576359061724
4381,  2240.836557341752
4382,  2240.1130135711724
4383,  2239.4486956677815
4384,  2238.87654099099
4385,  2238.417188604574
4386,  2238.096012468252
4387,  2237.932089681843
4388,  2237.9025605765646
4389,  2237.9755733288457
4390,  2238.1423232070447
4391,  2238.363675522198
4392,  2238.5856265911925
4393,  2238.7919950552587
4394,  2238.9451143283495
4396,  2239.0177636283343
4397,  2239.0188907566226
4398,  2238.955243157896
4399,  2238.8229905237013
4400,  2238.6617412189084
4401,  2238.518032897403
4402,  2238.425661599217
4403,  2238.4146105063755
4404,  2238.521357529362
4405,  2238.755849382117
4406,  2239.138607143054
4407,  2239.641964638018
4408,  2240.2152751930616
4409,  2240.8097237924158
4410,  2241.4036803524687
4411,  2241.907439043265
4412,  2242.255143635497
4413,  2242.406805534283
4414,  2242.3344406757524
4415,  2242.0185569391024
4416,  2241.451599802163
4417,  2240.6876454137373
4418,  2239.776928720822
4419,  2238.7770882429704
4420,  2237.7678435006837
4421,  2236.8226067386295
4422,  2236.028755249724
4423,  2235.424948725751
4424,  2235.0572680141167
4425,  2234.9517490026437
4426,  2235.0953757837324
4427,  2235.4622940792487
4428,  2236.007267475027
4429,  2236.676579897801
4430,  2237.3843022259953
4431,  2238.0601943476527
4432,  2238.646698465057
4433,  2239.0646549986827
4434,  2239.2841873375087
4435,  2239.262066844306
4436,  2238.9775276110013
4437,  2238.479612872211
4438,  2237.7842337858574
4439,  2236.9306573403314
4440,  2236.0009952890887
4441,  2235.0862678010676
4442,  2234.25363351334
4443,  2233.5814552003735
4444,  2233.171246977175
4445,  2233.0577340559184
4446,  2233.273029485621
4447,  2233.850395123206
4448,  2234.7514892446197
4449,  2235.928004867589
4450,  2237.337996069251
4451,  2238.869617837851
4452,  2240.413098854563
4453,  2241.869459803861
4454,  2243.1352816405724
4455,  2244.1265667725875
4456,  2244.765590477225
4457,  2245.0081551418148
4458,  2244.8602210092677
4459,  2244.3454928369906
4460,  2243.5142819230314
4461,  2242.4151484316476
4462,  2241.1771621782655
4463,  2239.899020296233
4464,  2238.6587158791026
4465,  2237.557786905655
4466,  2236.6720126680366
4467,  2236.0625373354496
4468,  2235.735670831341
4469,  2235.678408713179
4470,  2235.8786629002657
4471,  2236.2910736463414
4472,  2236.8380454127428
4473,  2237.424083442317
4474,  2237.988280709944
4475,  2238.466886781892
4476,  2238.7671268193326
4477,  2238.8516890280243
4478,  2238.716846344426
4479,  2238.3438281094554
4480,  2237.757253317732
4481,  2237.0015403827874
4482,  2236.1431581866136
4483,  2235.2436215641555
4484,  2234.3837958219938
4485,  2233.617773438599
4486,  2233.0129941877212
4487,  2232.642304793262
4488,  2232.477837742269
4489,  2232.5375618263097
4490,  2232.8073537826976
4491,  2233.2196784882726
4492,  2233.7197476428496
4493,  2234.234351709383
4494,  2234.686186051461
4495,  2235.000842201591
4496,  2235.136843781387
4497,  2235.065383000099
4498,  2234.75010778687
4499,  2234.221733607808
4500,  2233.5133013952523
4501,  2232.661010540063
4502,  2231.753647661162
4503,  2230.8314037064065
4504,  2229.9738357804154
4505,  2229.234665917225
4506,  2228.654472704786
4507,  2228.262684982781
4508,  2228.0530209244243
4509,  2228.026445372473
4510,  2228.162433505018
4511,  2228.428239193458
4512,  2228.7909514561134
4513,  2229.1950043094357
4514,  2229.630585196228
4515,  2230.051007610101
4516,  2230.4245174088464
4517,  2230.7401517233193
4518,  2230.9857819074196
4519,  2231.1458515822524
4520,  2231.2009409985208
4521,  2231.167001692421
4522,  2231.017133599021
4523,  2230.7511299405824
4524,  2230.3782371877014
4525,  2229.893844714654
4526,  2229.317529198148
4527,  2228.6624052899524
4528,  2227.9465940730397
4529,  2227.1992356241108
4530,  2226.4656869710197
4531,  2225.778975233924
4532,  2225.168375317847
4533,  2224.6568285167914
4534,  2224.2857030817213
4535,  2224.0616762818445
4536,  2223.984733134871
4537,  2224.0442803252918
4538,  2224.200859052168
4539,  2224.442939213279
4540,  2224.7078271384244
4541,  2224.960992101511
4542,  2225.173795631682
4543,  2225.300453798427
4544,  2225.325306056775
4545,  2225.236522033925
4546,  2225.045628879025
4547,  2224.768687691715
4548,  2224.417870917752
4549,  2224.053445512848
4550,  2223.7013989697707
4551,  2223.4096296549887
4552,  2223.198117347903
4553,  2223.079619917313
4554,  2223.097120259029
4555,  2223.2207456088045
4556,  2223.432740250243
4557,  2223.7069436027914
4558,  2224.0064186058444
4559,  2224.2817168661804
4560,  2224.469463857393
4561,  2224.5441957028443
4562,  2224.458403375387
4563,  2224.1751602041686
4564,  2223.694535961443
4565,  2223.004608049768
4566,  2222.1485375402717
4567,  2221.1548664891134
4568,  2220.070045180465
4569,  2218.9682577598096
4570,  2217.91845251828
4571,  2217.004023335103
4572,  2216.2468924281366
4573,  2215.7290722813586
4574,  2215.4903971514614
4575,  2215.503668741184
4576,  2215.765309895877
4577,  2216.2328886253126
4578,  2216.8515227395737
4579,  2217.5410301371926
4580,  2218.220287345157
4581,  2218.8238302245054
4582,  2219.2888289203556
4583,  2219.583417348476
4584,  2219.695542540182
4585,  2219.6337909250024
4586,  2219.4421192667405
4587,  2219.180865146468
4588,  2218.9162753070254
4589,  2218.736456661959
4590,  2218.69772489946
4591,  2218.8552238837383
4592,  2219.2347032972743
4593,  2219.8467852731774
4594,  2220.6494071226853
4595,  2221.5971930971855
4596,  2222.6341032837126
4597,  2223.651588455019
4598,  2224.5844701294354
4599,  2225.3651148303825
4600,  2225.9091081736256
4601,  2226.1930727766053
4602,  2226.1705757580407
4603,  2225.845626316023
4604,  2225.2392289797704
4605,  2224.3788512172205
4606,  2223.2949401576307
4607,  2222.039546123712
4608,  2220.6647081985343
4609,  2219.2161712720736
4610,  2217.742707350272
4611,  2216.3009162073377
4612,  2214.923039768409
4613,  2213.650042351609
4614,  2212.5314756397697
4615,  2211.592243983797
4616,  2210.845241895874
4617,  2210.3086906224235
4618,  2209.9861941961317
4619,  2209.8526504255415
4620,  2209.8809231815303
4621,  2210.0335497212545
4622,  2210.250284752658
4623,  2210.4925628194324
4624,  2210.7051669734333
4625,  2210.8235008701276
4626,  2210.838206867162
4627,  2210.732843775457
4628,  2210.4966807968867
4629,  2210.168082998899
4630,  2209.7837983175014
4631,  2209.3909511505362
4632,  2209.0493134707162
4633,  2208.805726339544
4634,  2208.6961669051716
4635,  2208.762918130495
4636,  2209.0194514718482
4637,  2209.448777940641
4638,  2210.0313315767744
4639,  2210.730704944209
4640,  2211.4886867888135
4641,  2212.2481144233825
4642,  2212.959786992119
4643,  2213.5663833204676
4644,  2214.022132077639
4645,  2214.31069086915
4646,  2214.4191630208798
4647,  2214.328975262004
4648,  2214.0870985516704
4649,  2213.699480750967
4650,  2213.210044890578
4651,  2212.6824732765017
4652,  2212.1391875960126
4653,  2211.6431416717337
4654,  2211.2478950485383
4655,  2210.970821666865
4656,  2210.8299918546672
4657,  2210.8424366446748
4658,  2211.0064388394244
4659,  2211.280894414898
4660,  2211.6288254480482
4661,  2211.9994954917865
4662,  2212.3250545521164
4663,  2212.5367061712986
4664,  2212.5858736577247
4665,  2212.398716823504
4666,  2211.9548450883594
4667,  2211.261278125513
4668,  2210.31580173842
4669,  2209.151482284503
4670,  2207.8578868536647
4671,  2206.506629633569
4672,  2205.1901091859713
4673,  2203.997835291632
4674,  2203.0363285457533
4675,  2202.34337262767
4676,  2201.992219021854
4677,  2201.9898713755147
4678,  2202.3054995203693
4679,  2202.9257894319016
4680,  2203.769773493308
4681,  2204.7531742584433
4682,  2205.783169052512
4683,  2206.7725818005906
4684,  2207.6454075631627
4685,  2208.3369485653357
4686,  2208.806195097499
4687,  2209.016164601131
4688,  2208.9695301602956
4689,  2208.7172315990865
4690,  2208.266869741883
4691,  2207.660641295214
4692,  2206.9769454833504
4693,  2206.2454119917766
4694,  2205.5285808719154
4695,  2204.852864373756
4696,  2204.260881173387
4697,  2203.7797475471784
4698,  2203.432036863874
4699,  2203.2204878572966
4700,  2203.1500647964476
4701,  2203.2193654005114
4702,  2203.415093083293
4703,  2203.719464210929
4704,  2204.08027955507
4705,  2204.4911204053215
4706,  2204.899457762128
4707,  2205.2661271099305
4708,  2205.5437295813867
4709,  2205.6855977623254
4710,  2205.677817025504
4711,  2205.4839636370534
4712,  2205.110303273431
4713,  2204.567128961629
4714,  2203.8845822333105
4715,  2203.0920957805693
4716,  2202.2664938038315
4717,  2201.4506914062604
4718,  2200.713874679979
4719,  2200.0999370849117
4720,  2199.662988215442
4721,  2199.4267300066317
4722,  2199.3867454099664
4723,  2199.5430854003907
4724,  2199.873577830891
4725,  2200.3135179176984
4726,  2200.842045197209
4727,  2201.394656181953
4728,  2201.916904255624
4730,  2202.39651250679
4731,  2202.754167650033
4732,  2202.9996454409848
4733,  2203.1337329590433
4734,  2203.147719425505
4735,  2203.052547591742
4736,  2202.8663152790987
4737,  2202.6253210064697
4738,  2202.3199444736047
4739,  2201.977821598113
4740,  2201.6339851683433
4741,  2201.25224489391
4742,  2200.8620156899096
4743,  2200.4760295822084
4744,  2200.0920710327264
4745,  2199.733718318169
4746,  2199.399516699863
4747,  2199.134459727146
4748,  2198.9439915585945
4749,  2198.855485222406
4750,  2198.878794377938
4751,  2199.030628362853
4752,  2199.313164138057
4753,  2199.694095089906
4754,  2200.1417473744536
4755,  2200.625200661555
4756,  2201.0894318982523
4757,  2201.465601255447
4758,  2201.7211333390906
4759,  2201.8072740588846
4760,  2201.704279585376
4761,  2201.4035658090434
4762,  2200.922683561837
4763,  2200.2991152594477
4764,  2199.582005752166
4765,  2198.8493553680837
4766,  2198.156085975803
4767,  2197.582882050495
4768,  2197.1782974701955
4769,  2196.9780713833334
4770,  2196.9727335229136
4771,  2197.179139042987
4772,  2197.5486240284845
4773,  2198.0250143680573
4774,  2198.5458253374454
4775,  2199.031404170926
4776,  2199.417843603147
4777,  2199.658725345447
4778,  2199.6944555591053
4779,  2199.5056207135367
4780,  2199.130125718397
4781,  2198.5536417902676
4782,  2197.857122745846
4783,  2197.091790207505
4784,  2196.320384508849
4785,  2195.612350727844
4786,  2195.01838860135
4787,  2194.596682960042
4788,  2194.3548751921
4789,  2194.2964763914097
4790,  2194.4012015338712
4791,  2194.6282588837157
4792,  2194.92405158152
4793,  2195.226384692708
4794,  2195.4713251528055
4795,  2195.592321042747
4796,  2195.567218194727
4797,  2195.366473643288
4798,  2194.971807440619
4799,  2194.440631218776
4800,  2193.7838682553165
4801,  2193.0605945502934
4802,  2192.3381581592407
4803,  2191.6644296710256
4804,  2191.094079750972
4805,  2190.6541666376006
4806,  2190.3601062466014
4807,  2190.216786673186
4808,  2190.1762763522574
4809,  2190.208641799964
4810,  2190.27249301447
4811,  2190.31374670095
4812,  2190.295627461844
4813,  2190.204574194445
4814,  2190.0396561314383
4815,  2189.817177646415
4816,  2189.549523656792
4817,  2189.303476992567
4818,  2189.1273796701803
4819,  2189.0475338820297
4820,  2189.0938291295533
4821,  2189.287274175866
4822,  2189.5848421090873
4823,  2189.9690193724646
4824,  2190.371847497031
4825,  2190.7217207369617
4826,  2190.9550924577143
4827,  2191.016064522213
4828,  2190.842945125013
4829,  2190.4420381425434
4830,  2189.825459114928
4831,  2189.021744268881
4832,  2188.1185954323637
4833,  2187.174551193379
4834,  2186.2861963781043
4835,  2185.5280969880696
4836,  2184.9683443863296
4837,  2184.6403017801686
4838,  2184.5290346539164
4839,  2184.630162437362
4840,  2184.900959032364
4841,  2185.256408187536
4842,  2185.6159476000394
4843,  2185.9302219777
4844,  2186.1270182139333
4845,  2186.150306600657
4846,  2185.999173295962
4847,  2185.6676888908924
4848,  2185.18590003222
4849,  2184.6093609802274
4850,  2183.9799133274396
4851,  2183.372289731019
4852,  2182.845674465928
4853,  2182.4251425826483
4854,  2182.1424301129505
4855,  2182.0264322761377
4856,  2182.0643763395037
4857,  2182.228785670478
4858,  2182.5027101354135
4859,  2182.8521184786496
4860,  2183.2243647721207
4861,  2183.5992713302194
4862,  2183.9491813492423
4863,  2184.25424301989
4864,  2184.480131239825
4865,  2184.640820169496
4866,  2184.732440274525
4867,  2184.77409148693
4868,  2184.7681141345997
4869,  2184.7257681571127
4870,  2184.690285108045
4871,  2184.675980870995
4872,  2184.6714100322897
4873,  2184.720439757856
4874,  2184.8201306693763
4875,  2184.959503575532
4876,  2185.1245368955124
4877,  2185.2971184456255
4878,  2185.4448600034107
4879,  2185.5410361525587
4880,  2185.5337519530176
4881,  2185.4010206387725
4882,  2185.117740766318
4883,  2184.673862262381
4884,  2184.0829892316438
4885,  2183.345453226688
4886,  2182.5022953965827
4887,  2181.6176744102904
4888,  2180.7395979676285
4889,  2179.9306962022983
4890,  2179.2347480227277
4891,  2178.7000053689135
4892,  2178.3592181973
4893,  2178.209656418245
4894,  2178.2266092904174
4895,  2178.390211106079
4896,  2178.6737481522587
4897,  2179.010502065504
4898,  2179.3415176719022
4899,  2179.6405494351566
4900,  2179.887661905008
4901,  2180.0473240751166
4902,  2180.123597635517
4903,  2180.142803053771
4904,  2180.121991047783
4905,  2180.0889047858445
4906,  2180.0541510392413
4907,  2180.0383676938854
4908,  2180.0551390025194
4909,  2180.0758965744267
4910,  2180.0875609568766
4911,  2180.0595914938995
4912,  2179.949522213891
4913,  2179.725704266759
4914,  2179.366722778449
4915,  2178.8725707143517
4916,  2178.242616626174
4917,  2177.5002507734353
4918,  2176.683245107088
4919,  2175.847124583409
4920,  2175.040319325807
4921,  2174.303322715461
4922,  2173.6779320748838
4923,  2173.205432816715
4924,  2172.878648080524
4925,  2172.6745022941795
4926,  2172.583043954699
4927,  2172.5641586333136
4928,  2172.5696637733654
4929,  2172.542710258648
4930,  2172.443192785806
4931,  2172.2480991535185
4932,  2171.9169546002367
4933,  2171.4558259584223
4934,  2170.863217070755
4935,  2170.1418326583134
4936,  2169.3397727288484
4937,  2168.481355073376
4938,  2167.5794402064384
4939,  2166.6663704374337
4940,  2165.7713820001763
4941,  2164.9085013319973
4942,  2164.0850343238876
4943,  2163.3040445588113
4944,  2162.5769192383086
4945,  2161.897031122402
4946,  2161.2561698525033
4947,  2160.642449748342
4948,  2160.058316825773
4949,  2159.493988281392
4950,  2158.9463314426603
4951,  2158.388278651927
4952,  2157.8132912086976
4953,  2157.217192157552
4954,  2156.577572633998
4955,  2155.8772983087447
4956,  2155.1038651034896
4957,  2154.2398405121144
4958,  2153.2799053241106
4959,  2152.2007739782425
4960,  2151.010997431381
4961,  2149.7073826756227
4962,  2148.302369175429
4963,  2146.7975100269537
4964,  2145.2126504340276
4965,  2143.5629402860995
4966,  2141.87473163036
4967,  2140.158537043487
4968,  2138.4429679362865
4969,  2136.7411954530353
4970,  2135.074563428182
4971,  2133.4478413820407
4972,  2131.862930136647
4973,  2130.323185298458
4974,  2128.8118292145305
4975,  2127.312248735486
4976,  2125.8098641596125
4977,  2124.2591332756033
4978,  2122.6494893140643
4979,  2120.9344021363886
4980,  2119.0951203730297
4981,  2117.1144505313823
4982,  2114.977139710715
4983,  2112.695410107568
4984,  2110.2560826512436
4985,  2107.7054200607563
4986,  2105.0825813221454
4987,  2102.40894579051
4988,  2099.733756397017
4989,  2097.0891166484794
4990,  2094.523700369751
4991,  2092.0295389633616
4992,  2089.6069564392947
4993,  2087.2482482995697
4994,  2084.9036393544493
4995,  2082.535124254442
4996,  2080.0578845614805
4997,  2077.4376107483645
4998,  2074.611457292117
4999,  2071.510065404384
5000,  2068.1441038853254
5001,  2064.4800714579615
5002,  2060.549958032675
5003,  2056.3889281663755
5004,  2052.022476199683
5005,  2047.5137890500507
5006,  2042.9269777941663
5007,  2038.298763626274
5008,  2033.658828337396
5009,  2029.0301764192066
5010,  2024.402324055218
5011,  2019.7389272639339
5012,  2015.0060395312187
5013,  2010.147776250098
5014,  2005.1158052687422
5015,  1999.9040740882174
5016,  1994.5047543030578
5017,  1988.9349240724157
5018,  1983.2740152615502
5019,  1977.630476534686
5020,  1972.1124827672131
5021,  1966.8303850716188
5022,  1961.909394295092
5023,  1957.3960617639477
5024,  1953.2686482004674
5025,  1949.3878438297465
5026,  1945.4990275685932
5027,  1941.2105662671859
5028,  1935.891246128252
5029,  1928.8862431081861
5030,  1919.3580952983648
5031,  1906.4290065592058
5032,  1889.1701778026427
5033,  1866.7780406831462
5034,  1838.585427121134
5035,  1804.1588210428695
5036,  1763.3622294217157
5037,  1716.3989643575899
5038,  1663.8642460845397
5039,  1606.7380487361215
5040,  1546.396777510269
5041,  1484.4305475932626
5042,  1422.696311590114
5043,  1363.11372698151
5044,  1307.505169190793
5045,  1257.5714709034323
5046,  1214.6319539507117
5047,  1179.6247611299493
5048,  1152.9879485744182
5049,  1134.6193421476
5050,  1124.0144853041547
5051,  1120.1304497767555
5052,  1121.7162198798783
5053,  1127.2928763435802
5054,  1135.354707971661
5055,  1144.5005632420573
5056,  1153.477518960953
5057,  1161.3857908630762
5058,  1167.547801406038
5059,  1171.682230635727
5060,  1173.661223020067
5061,  1173.6518819263738
5062,  1171.7913347791155
5064,  1168.1821761694364
5065,  1163.1008755752252
5066,  1156.6915306684305
5067,  1149.0142125022444
5068,  1140.2032463313235
5069,  1130.5321465279285
5070,  1120.3485883418145
5071,  1110.2555035503133
5072,  1101.1752304708298
5073,  1094.217763263888
5074,  1090.5840652773518
5075,  1091.42052612618
5076,  1097.689377241189
5077,  1109.985454008983
5078,  1128.2681693878249
5079,  1151.773583141388
5080,  1179.0794881525867
5081,  1208.0050709823306
5082,  1235.8687568890236
5083,  1259.5566934452977
5084,  1276.0080584605244
5085,  1282.37142822253
5086,  1276.350493257843
5087,  1256.3881756014976
5088,  1221.8916862530007
5089,  1173.398140931016
5090,  1112.3590547553672
5091,  1041.1177341783243
5092,  962.5824416528517
5093,  880.1366344272617
5094,  797.4104672521253
5095,  717.1198330091572
5096,  642.4679769084099
5097,  575.2014917070372
5098,  516.9150899309608
5099,  468.1514430169989
5100,  428.6891359585514
5101,  397.92072397851945
5102,  375.14398077285864
5103,  358.5468970856708
5104,  347.3500511987744
5105,  339.7835596776867
5106,  335.3003744962184
5107,  332.75879675288445
5108,  331.8537346883487
5109,  332.5084029179357
5110,  334.791579053003
5111,  339.0565237482519
5112,  345.7838897531075
5113,  355.51118287408445
5114,  368.75915383585027
5115,  385.8873187092234
5116,  407.0166930952804
5117,  432.02257439902155
5118,  460.414750469111
5119,  491.5311015061218
5120,  524.3225187497344
5121,  557.695676331492
5122,  590.3547210176268
5123,  620.8263830550577
5124,  647.8802911550233
5125,  670.2929934795767
5126,  687.0927122075194
5127,  697.5796068002448
5128,  701.2998502948674
5129,  698.182613782564
5130,  688.4497979618782
5131,  672.5570796879117
5132,  651.2159334868659
5133,  625.3047022952749
5134,  595.7878093857171
5135,  563.7170151169165
5136,  530.0981113373026
5137,  495.93954071657345
5138,  462.2040032213937
5139,  429.73797161626516
5140,  399.30858365469857
5141,  371.5941935372634
5142,  347.0961035376782
5143,  326.24594073006887
5144,  309.292660251743
5145,  296.0787194831837
5146,  286.96330278928684
5147,  281.21892309712996
5148,  278.77426542250106
5149,  278.8479439131516
5150,  280.8837443527584
5151,  284.3469481441854
5152,  288.58543575859187
5153,  292.64686504643737
5154,  296.60945348957523
5155,  299.57378862164956
5156,  301.882947301358
5157,  303.01345151132443
5158,  303.5038762162673
5159,  303.5008360564546
5160,  303.25801499121303
5161,  303.2963673301325
5162,  303.9316212414834
5163,  305.4909736036504
5164,  308.0865454662386
5165,  311.76151558339404
5166,  316.49330767192254
5167,  321.9503757178745
5168,  327.7535503325342
5169,  333.5702209996961
5170,  338.89865988883565
5171,  343.35480443509397
5172,  346.5375630497016
5173,  348.1949414548623
5174,  348.3270767518789
5175,  346.8582259309848
5176,  343.9727008291285
5177,  339.9967062327944
5178,  335.2936708845021
5179,  330.2971631246185
5180,  325.4046969532554
5181,  321.0239095170839
5182,  317.54227322538827
5183,  315.13867752371607
5184,  313.91995287864165
5185,  313.97096288025
5186,  315.17339313081277
5187,  317.3439043118405
5188,  320.195285089871
5189,  323.44164455316195
5190,  326.79830774731585
5191,  329.906236120948
5192,  332.48294231310103
5193,  334.3695500453309
5194,  335.42825818369636
5195,  335.56788703616
5196,  334.8354419842313
5197,  333.3462781196702
5198,  331.2830763435058
5199,  328.8388659974196
5200,  326.2733444665557
5201,  323.853698041223
5202,  321.8091910579652
5203,  320.33314951298286
5204,  319.5749958381785
5205,  319.63198534972076
5206,  320.50226074958266
5207,  322.1357827920115
5208,  324.43656642720526
5209,  327.2354281952182
5210,  330.33803945478263
5211,  333.544248415531
5212,  336.6613747363378
5213,  339.5165164587999
5214,  341.97864335330075
5215,  343.97221154037237
5216,  345.50112998237194
5217,  346.5982461920786
5218,  347.3459303071061
5219,  347.8791371064996
5220,  348.32512343304563
5221,  348.80428900656335
5222,  349.40647508607816
5223,  350.19815152595623
5224,  351.18970651682235
5225,  352.2988251584782
5226,  353.4357256209392
5227,  354.47140506652966
5228,  355.2541353491474
5229,  355.6090368096391
5230,  355.42126634207403
5231,  354.6253530056263
5232,  353.2104638539497
5233,  351.2274560721913
5234,  348.8031940103757
5235,  346.1289613386944
5236,  343.4219993194085
5237,  340.910992314568
5238,  338.8421591831872
5239,  337.41080003745344
5240,  336.76940871570395
5241,  336.99630313920795
5242,  338.11176856404376
5243,  340.08571054476323
5244,  342.78400364728446
5245,  346.06176525036966
5246,  349.7557289110131
5247,  353.66383191097435
5248,  357.60033177374123
5249,  361.39866016675586
5250,  364.9254208383065
5251,  368.06824683046267
5252,  370.75164158487553
5253,  372.9356828481355
5254,  374.60862465170555
5255,  375.76770032111085
5256,  376.455609005061
5257,  376.6992723516354
5258,  376.54476232255155
5259,  376.0578556031481
5260,  375.3036842710537
5261,  374.35934707163256
5262,  373.301631470041
5263,  372.20532275804044
5264,  371.15151434161805
5265,  370.2141962909633
5266,  369.44664522239145
5267,  368.8838067457516
5268,  368.5504562496494
5269,  368.44705295371017
5270,  368.55041521363137
5271,  368.8245552611362
5272,  369.22498057468204
5273,  369.7132207094567
5274,  370.24480065312997
5275,  370.7818243457599
5276,  371.3189566889534
5277,  371.8468457095003
5278,  372.3805992939137
5279,  372.9314750330365
5280,  373.5425875958273
5281,  374.2362044597188
5282,  375.034901538041
5283,  375.9418059337201
5284,  376.9406460507383
5285,  378.005594090981
5286,  379.0901533674596
5287,  380.133873403255
5288,  381.07506170218153
5289,  381.8292867694428
5290,  382.3445690447455
5291,  382.56645802871725
5292,  382.4612865764363
5293,  382.0202957378274
5294,  381.249185108315
5295,  380.181832541922
5296,  378.86608292553973
5297,  377.3666898242937
5298,  375.76123432450134
5299,  374.1274879789776
5300,  372.53588910022313
5301,  371.07323984482065
5302,  369.79851723718656
5303,  368.76522655826545
5304,  368.01870825331423
5305,  367.58552396422976
5306,  367.47288154054087
5307,  367.66281630673785
5308,  368.14477352248593
5309,  368.87716324871474
5310,  369.7956485302463
5311,  370.8303690319798
5312,  371.9074016063924
5313,  372.9481772458534
5314,  373.86887028436706
5315,  374.599085438499
5316,  375.08360805954504
5317,  375.28671392757724
5318,  375.1934672075115
5319,  374.8168709242456
5320,  374.1878331293932
5321,  373.3713369095227
5322,  372.4315307862169
5323,  371.4410045803701
5324,  370.4685610361379
5325,  369.5734396471468
5326,  368.7968103914925
5327,  368.1557833680147
5328,  367.6422608446517
5329,  367.23053128791867
5330,  366.8832807305462
5331,  366.5351864262849
5332,  366.1363087741948
5333,  365.6429157744922
5334,  365.01942771282086
5335,  364.26307601134147
5336,  363.3800799922141
5337,  362.41933103010473
5338,  361.41265916894315
5339,  360.40326170795356
5340,  359.4827500456635
5341,  358.6622459126132
5342,  357.995811579764
5343,  357.49482834959383
5344,  357.1551286494857
5345,  356.92661370896514
5346,  356.76096216530857
5347,  356.5936327975884
5348,  356.3390972263708
5349,  355.9050179548831
5350,  355.2416997942333
5351,  354.352010899803
5352,  353.1569518198394
5353,  351.67810601187534
5354,  349.978221673358
5355,  348.11572326768726
5356,  346.1546095521622
5357,  344.19668985737155
5358,  342.3691596399117
5359,  340.7547337606625
5360,  339.427342540142
5361,  338.4308636469127
5362,  337.78011686467755
5363,  337.4387836700203
5364,  337.32085090373545
5365,  337.32814063563706
5366,  337.33048931122954
5367,  337.19514549612177
5368,  336.7798859888064
5369,  335.976778791421
5370,  334.7320217206783
5371,  333.0452566900531
5372,  330.9526514084034
5373,  328.5779802501397
5374,  326.0796540227639
5375,  323.6741548567263
5376,  321.57453088238134
5377,  320.0168151313319
5378,  319.1881196251997
5379,  319.2542596741144
5380,  320.31034973620126
5381,  322.3600311518389
5382,  325.36389461661287
5383,  329.18398777155505
5384,  333.63954624962787
5385,  338.49318540556993
5386,  343.48427621384286
5387,  348.36641534506225
5388,  352.8866087060448
5389,  356.8532452397701
5390,  360.1177478146611
5391,  362.5450030460573
5392,  364.11523637369027
5393,  364.7973119298529
5394,  364.6218231888152
5395,  363.6401879139489
5396,  361.9543228356909
5398,  359.65840489555944
5399,  356.8528311582305
5400,  353.661530340739
5401,  350.2226309045432
5402,  346.63633466867105
5403,  342.97336291989893
5404,  339.3823064711875
5405,  335.948327899661
5406,  332.73037339789454
5407,  329.79638617993777
5408,  327.2230159567525
5409,  325.0459194106451
5410,  323.2686374059076
5411,  321.91867822898723
5412,  321.0033731828218
5413,  320.52985650413297
5414,  320.49166891355236
5415,  320.88975325838254
5416,  321.73277289319776
5417,  323.0091784025703
5418,  324.7119502161316
5419,  326.82096050458955
5420,  329.3217463105269
5421,  332.19196777679144
5422,  335.33733186159196
5423,  338.68470471654626
5424,  342.147018716801
5425,  345.6002106374594
5426,  348.94035880686755
5427,  352.05107778509466
5428,  354.84804060987494
5429,  357.2463486077437
5430,  359.2115412112265
5431,  360.71350286934467
5432,  361.76332040461216
5433,  362.39169760046104
5434,  362.63568120315665
5435,  362.5515197699972
5436,  362.169785627498
5437,  361.5297454212922
5438,  360.647050409755
5439,  359.5202483373607
5440,  358.1487700441716
5441,  356.513614095759
5442,  354.5987239592235
5443,  352.42823868728243
5444,  350.0032833891834
5445,  347.3614729737824
5446,  344.57919844328524
5447,  341.74857795254206
5448,  338.9814751605379
5449,  336.39509315088503
5450,  334.11191454347454
5451,  332.2540742906409
5452,  330.92126865580536
5453,  330.20888111810103
5454,  330.16224966674076
5455,  330.81284100961665
5456,  332.1537020168405
5457,  334.146337504526
5458,  336.73653724515736
5459,  339.8515047234473
5460,  343.3936141715553
5461,  347.25062611262996
5462,  351.29964315888765
5463,  355.419073638025
5464,  359.4660684846414
5465,  363.30387373066424
5466,  366.80774853652423
5467,  369.8593900236297
5468,  372.3635415128691
5469,  374.24301736661886
5470,  375.4517117353716
5471,  375.9694436083607
5472,  375.79300443687424
5473,  374.98493330250534
5474,  373.6010074991037
5475,  371.7185436453829
5476,  369.4356153402883
5477,  366.8555651567456
5478,  364.0732610119694
5479,  361.1910019010982
5480,  358.2809451639714
5481,  355.4305388089967
5482,  352.71595587377055
5483,  350.1930164383958
5484,  347.9140231120594
5485,  345.93251792614245
5486,  344.2974471972205
5487,  343.0552046457327
5488,  342.2326336097228
5489,  341.8685330194186
5490,  341.9884339954366
5491,  342.5847502246221
5492,  343.6432920084066
5493,  345.1453455053438
5494,  347.01771169654944
5495,  349.20562064952577
5496,  351.63467652640014
5497,  354.2131842564464
5498,  356.8634367417377
5499,  359.5017406612208
5500,  362.05871974908905
5501,  364.48461905981395
5502,  366.73411845433577
5503,  368.77023360599435
5504,  370.5466683725399
5505,  372.0429417642064
5506,  373.2263494800653
5507,  374.07374947515586
5508,  374.5550467936738
5509,  374.6405482540424
5510,  374.3019278573366
5511,  373.5304917678385
5512,  372.3258434728471
5513,  370.70256298449414
5514,  368.6870596713155
5515,  366.3358719639304
5516,  363.7409769208576
5517,  360.9854110952538
5518,  358.17908956466414
5519,  355.4287924380045
5520,  352.85617122765785
5521,  350.55516123083464
5522,  348.61197497541366
5523,  347.11101892702766
5524,  346.08313916811113
5525,  345.5354007632807
5526,  345.4551816333665
5527,  345.8315467025545
5528,  346.5888665451727
5529,  347.6163728982517
5530,  348.8320825089536
5531,  350.15970205962213
5532,  351.4479414601957
5533,  352.610395716477
5534,  353.5952767149062
5535,  354.3301287332971
5536,  354.78491019378964
5537,  354.9615270240275
5538,  354.888385243468
5539,  354.6313042384735
5540,  354.2328650018622
5541,  353.77475246871126
5542,  353.33713171100896
5543,  352.9616967738855
5544,  352.6925253692583
5545,  352.47929939299047
5546,  352.29527335926633
5547,  352.07041109393265
5548,  351.69965429036057
5549,  351.06458786601434
5550,  350.08096855320554
5551,  348.6822452402064
5552,  346.8600539916278
5553,  344.6357223435829
5554,  342.10879880443184
5555,  339.4364811737374
5556,  336.83204779098895
5557,  334.5064887476131
5558,  332.69976083668405
5559,  331.63542663168664
5560,  331.4912451832442
5561,  332.38862847380557
5562,  334.36543096933804
5563,  337.40016089803675
5564,  341.38520089388834
5565,  346.1444418418809
5566,  351.45511916647985
5567,  357.04199102174783
5568,  362.62827001956504
5569,  367.9372184634426
5570,  372.728792280179
5571,  376.77464007618056
5572,  379.9126226397716
5573,  382.018342188733
5574,  383.01020255431325
5575,  382.8779488284103
5576,  381.64542443452126
5577,  379.3788249502783
5578,  376.16507674456807
5579,  372.15239695315813
5580,  367.5401184911822
5581,  362.52402320977285
5582,  357.29725688142275
5583,  352.1351172412005
5584,  347.23991040127385
5585,  342.7938669770117
5586,  338.9939444016013
5587,  335.9670436714219
5588,  333.78370413079875
5589,  332.48181542711546
5590,  332.0364239609541
5591,  332.3905213789278
5592,  333.42818887625185
5593,  335.0236124222429
5594,  337.05505910697826
5595,  339.36337127077536
5596,  341.86966206285194
5597,  344.47293324171136
5598,  347.10336420619655
5599,  349.7277661657168
5600,  352.34281959552777
5601,  354.936153518268
5602,  357.5127238225648
5603,  360.0511862983499
5604,  362.533831842726
5605,  364.91251922803167
5606,  367.1230068003098
5607,  369.06718788422614
5608,  370.6639510813626
5609,  371.82278321811225
5610,  372.46414929279723
5611,  372.52498022977744
5612,  371.9733559478359
5613,  370.82365096870154
5614,  369.1071760340789
5615,  366.8944167124428
5616,  364.29210970309236
5617,  361.4271739201243
5618,  358.43497131396305
5619,  355.4576821732925
5620,  352.62749806401825
5621,  350.0496566147048
5622,  347.817044233451
5623,  345.9797304893746
5624,  344.5626528754401
5625,  343.55447780831446
5626,  342.92090698833255
5627,  342.6092788992449
5628,  342.5492355158133
5629,  342.65956793251144
5630,  342.8744744404568
5631,  343.13246780312744
5632,  343.36771845856987
5633,  343.5726406304435
5634,  343.7327177086195
5635,  343.8712897647322
5636,  344.02365870608077
5637,  344.2412730023757
5638,  344.5865855833395
5639,  345.1246098005504
5640,  345.89113142999815
5641,  346.9183077718943
5642,  348.23400201949494
5643,  349.8233759202431
5644,  351.63422162850156
5645,  353.6080052851033
5646,  355.66551847805266
5647,  357.7108908324675
5648,  359.63456377287525
5649,  361.3370936300839
5650,  362.7309321341
5651,  363.73936242586103
5652,  364.30676425507096
5653,  364.4047610157734
5654,  364.03380324353736
5655,  363.2218650991711
5656,  362.01524527914336
5657,  360.47443601307845
5658,  358.68157809464986
5659,  356.72731624155074
5660,  354.68803092732185
5661,  352.6439583836588
5662,  350.6750673057295
5663,  348.8415329003158
5664,  347.1920510561409
5665,  345.7595904903442
5666,  344.570066421899
5667,  343.63591273177144
5668,  342.95330732410997
5669,  342.51151891172884
5670,  342.2973824768722
5671,  342.293165384504
5672,  342.47562759055904
5673,  342.82222894093337
5674,  343.3176700078382
5675,  343.95024067349146
5676,  344.7052696287526
5677,  345.57007505517106
5678,  346.545688071632
5679,  347.6270885731073
5680,  348.8022774513277
5681,  350.06069161435886
5682,  351.3850780250942
5683,  352.75155097815065
5684,  354.12105364079315
5685,  355.4488466721222
5686,  356.6854931253028
5687,  357.7803986454996
5688,  358.6805797319314
5689,  359.3422336260467
5690,  359.7329160090786
5691,  359.8384408999861
5692,  359.661680999697
5693,  359.21230771464803
5694,  358.528685248129
5695,  357.660366341229
5696,  356.65893618636323
5697,  355.57786939850445
5698,  354.4756126131151
5699,  353.39454717463735
5700,  352.36503759283823
5701,  351.408074323707
5702,  350.5288546198253
5703,  349.72703454544956
5704,  348.99097033480865
5705,  348.3124040103952
5706,  347.6869601793962
5707,  347.11902304939645
5708,  346.61856999058296
5709,  346.20811963439985
5710,  345.92123901312266
5711,  345.79540679657583
5712,  345.86448783813165
5713,  346.1601308919562
5714,  346.70988430427025
5715,  347.5166691884311
5716,  348.5713741588551
5717,  349.847569028749
5718,  351.29892393701493
5719,  352.866317963593
5720,  354.48134769276083
5721,  356.0729605069387
5722,  357.56834228347026
5723,  358.9039876949144
5724,  360.0283118716722
5725,  360.9072062885064
5726,  361.52135255867665
5727,  361.86956231323694
5728,  361.9681280224156
5729,  361.8431111057645
5730,  361.52975747836956
5732,  361.0678060415534
5733,  360.49632235968534
5734,  359.849329837513
5735,  359.15384970991056
5736,  358.4301967917114
5737,  357.6902528965218
5738,  356.9352345003972
5739,  356.16196082943804
5740,  355.36756912701446
5741,  354.5465014877104
5742,  353.697218901563
5743,  352.8261922089711
5744,  351.9495750195096
5745,  351.0901168698466
5746,  350.27666720813454
5747,  349.5448565180303
5748,  348.9327228884166
5749,  348.4735239838168
5750,  348.18907609277113
5751,  348.0984494091576
5752,  348.2060234671571
5753,  348.49810790205095
5754,  348.94907996614177
5755,  349.5312095657971
5756,  350.2049770939375
5757,  350.924957270205
5758,  351.65415506676663
5759,  352.35942816479684
5760,  353.0172853333146
5761,  353.6135558426376
5762,  354.14812242010737
5763,  354.6265212352901
5764,  355.0639462821717
5765,  355.47333079867434
5766,  355.86410398050134
5767,  356.2453826391487
5768,  356.61125064556467
5769,  356.9484157414303
5770,  357.2408008252428
5771,  357.4592232385397
5772,  357.5705186140766
5773,  357.5477727863053
5774,  357.3703130666223
5775,  357.01847351209915
5776,  356.4856334413188
5777,  355.7794533267815
5778,  354.9211644185927
5779,  353.9376696473147
5780,  352.8645760130912
5781,  351.7469961184913
5782,  350.62655729207285
5783,  349.5474847774441
5784,  348.55018233884107
5785,  347.66359332731963
5786,  346.91828048214296
5787,  346.3367586323472
5788,  345.93081888898314
5789,  345.7099475643905
5790,  345.67380921123333
5791,  345.8203580113159
5792,  346.14184701382493
5793,  346.609723746733
5794,  347.2308957939557
5795,  347.9744081555296
5796,  348.8138396876509
5797,  349.7193751860211
5798,  350.6648785848261
5799,  351.6195692681046
5800,  352.55714441085263
5801,  353.4492546696839
5802,  354.2708876908703
5803,  354.9999566976592
5804,  355.6182954971641
5805,  356.11153507005616
5806,  356.465388324507
5807,  356.6765533385859
5808,  356.74806047496315
5809,  356.6781163574504
5810,  356.4774735630396
5811,  356.1633230329625
5812,  355.7552219383086
5813,  355.26940407121776
5814,  354.73006590681166
5815,  354.15968195941264
5816,  353.5829109069473
5817,  353.01848299019025
5818,  352.4816835792377
5819,  351.9878480235639
5820,  351.54514105135326
5821,  351.1615770786382
5822,  350.82523441855955
5823,  350.53212761558916
5824,  350.27582953869035
5825,  350.03958575864885
5826,  349.81896336986705
5827,  349.60623603457066
5828,  349.3921570739297
5829,  349.172328920122
5830,  348.95255723348845
5831,  348.7443408461084
5832,  348.55750774543463
5833,  348.41478648024577
5834,  348.3394577826694
5835,  348.3546426737927
5836,  348.49129409214754
5837,  348.7725179798452
5838,  349.2154591053335
5839,  349.8323743681195
5840,  350.62673832025786
5841,  351.5870368024902
5842,  352.69020328319647
5843,  353.90133801666275
5844,  355.18183293118193
5845,  356.44977012913614
5846,  357.652785688448
5847,  358.725859786468
5848,  359.61034491207215
5849,  360.2492292230181
5850,  360.6067517461959
5851,  360.660040728904
5852,  360.40410374568717
5853,  359.852834468425
5854,  359.0416105732097
5855,  358.0192242603289
5856,  356.84289471694274
5857,  355.5768462648581
5858,  354.29029691483726
5859,  353.0452546675919
5860,  351.8977193871842
5861,  350.89316199924315
5862,  350.06722877962767
5863,  349.4379907320418
5864,  349.0158879478398
5865,  348.7977669991668
5866,  348.77156898742834
5867,  348.9125670141456
5868,  349.1902915157589
5869,  349.57616147208427
5870,  350.0354281632999
5871,  350.5301160831067
5872,  351.02146005713325
5873,  351.4928916576098
5874,  351.9209130207279
5875,  352.2840255403638
5876,  352.5736097564283
5877,  352.7832455195521
5878,  352.91741117084274
5879,  352.98522174814383
5880,  353.0007414496529
5881,  352.9822997865808
5882,  352.9473127924771
5883,  352.91794278886755
5884,  352.9098538481371
5885,  352.9364897582682
5886,  353.01054707518324
5887,  353.14059765371763
5888,  353.3236215855634
5889,  353.55676082507244
5890,  353.8356343567833
5891,  354.14765146860447
5892,  354.48080582544287
5893,  354.817711779713
5894,  355.14162335725257
5895,  355.441021264147
5896,  355.70055904486736
5897,  355.90007405279437
5898,  356.03110150686496
5899,  356.0836644007273
5900,  356.0489307937842
5901,  355.9224419922346
5902,  355.7053587096078
5903,  355.40441638364797
5904,  355.0323666442893
5905,  354.6039757207964
5906,  354.13914317795206
5907,  353.66318785851746
5908,  353.2039217911136
5909,  352.78503937895886
5910,  352.429961352455
5911,  352.1637173644316
5912,  352.0006405522968
5913,  351.94932964893394
5914,  352.0124509129793
5915,  352.18381143183433
5916,  352.451374268014
5917,  352.7895745096458
5918,  353.1748946154462
5919,  353.58282083502183
5920,  353.9828615397388
5921,  354.34240068185096
5922,  354.63679984077646
5923,  354.84576709959737
5924,  354.9501492045663
5925,  354.9352870331788
5926,  354.7944357932165
5927,  354.5349830968837
5928,  354.16580621569005
5929,  353.6996419414518
5930,  353.1610185921502
5931,  352.58545061670713
5932,  352.0075152227088
5933,  351.464945883205
5934,  350.9984775147419
5935,  350.6489159015638
5936,  350.4519979432783
5937,  350.4311061604723
5938,  350.5984296171301
5939,  350.95881362172196
5940,  351.49990480926385
5941,  352.19183431892435
5942,  352.99468169829333
5943,  353.8585114589845
5944,  354.72727030525533
5945,  355.5419608283428
5946,  356.244213803257
5947,  356.77953111790714
5948,  357.1121203685786
5949,  357.2156744355265
5950,  357.07997964623416
5951,  356.7143802774162
5952,  356.1419216079985
5953,  355.40074774046496
5954,  354.5412225849686
5955,  353.6156929335695
5956,  352.6794905808992
5957,  351.7920392144354
5958,  351.00457571171495
5959,  350.35624807933044
5960,  349.87719455343705
5961,  349.5872051913467
5962,  349.4868955352236
5963,  349.56780017375115
5964,  349.8050477947885
5965,  350.16806436060904
5966,  350.6178837035233
5967,  351.11061808297666
5968,  351.60776094135673
5969,  352.0697471331928
5970,  352.4633658450438
5971,  352.76404326721536
5972,  352.96254584471944
5973,  353.05715923775233
5974,  353.0519130594939
5975,  352.9629971240624
5976,  352.8172925554434
5977,  352.64115389489024
5978,  352.45459038474525
5979,  352.2873382800035
5980,  352.1639630943506
5981,  352.10420575891885
5982,  352.1154399791429
5983,  352.20051575107664
5984,  352.36356149698554
5985,  352.59671624176417
5986,  352.88506148594047
5987,  353.21365810425107
5988,  353.5576070205074
5989,  353.9281758782982
5990,  354.29753093115175
5991,  354.65001257659213
5992,  354.97873625596145
5993,  355.2744442916955
5994,  355.52699520412085
5995,  355.72763710084297
5996,  355.86612972456885
5997,  355.9313685312197
5998,  355.9132029920722
5999,  355.79888581262804
6000,  355.57889127584855
